id,name,smiles,Weight,LogP,NumHAcceptors,NumHDonors,NumRings,TPSA
1,"7-(4-(4-(1-Methyl-1H-indol-4-yl)piperazin-1-yl)butoxy)-3,4-dihydroquinolin-2(1H)-one",c1cc2c(cc[nH]2)c(c1)N3CCN(CC3)CCCCOc4ccc5c(c4)NC(=O)CC5,418.5410000000001,4.033800000000002,4,2,5,60.6
2,8-OH-DPAT,CCCN(CCC)C1CCc2cccc(c2C1)O,247.38199999999998,3.3715000000000024,2,1,2,23.47
3,"(E)-1-(3-(5-(tert-butoxy)-3,4-dihydronaphtalen-1(2H)-ylidene)propyl)-4-(pyridin-2-yl)piperazine",CC(C)(C)Oc1cccc2c1CCCC2=CCCN3CCN(CC3)c4ccccn4,405.5860000000001,5.190900000000005,4,0,4,28.6
4,"1-((1s,4s)-4-(3-tert-butoxy)phenyl)cyclohexyl)-4-(pyridin-2-yl)piperazine",CC(C)(C)Oc1cccc(c1)[C@@H]2CC[C@@H](CC2)N3CCN(CC3)c4ccccn4,393.57500000000016,5.107300000000005,4,0,4,28.6
5,"1-(2-(7-(tert-butoxy)-1,2,3,4-tetrahydronaphtalen-2-yl)propyl-4-(pyridin-2-yl)piperazine",CC(C)(C)Oc1ccc2c(c1)CC(CC2)CCN3CCN(CC3)c4ccccn4,393.57500000000016,4.576100000000004,4,0,4,28.6
6,"1-(3-(5-(tert-butoxy)-1,2,3,4-tetrahydronaphtalen-1-yl)propyl-4-(pyridin-2-yl)piperazine",CC(C)(C)Oc1cccc2c1CCC(C2)CCN3CCN(CC3)c4ccccn4,393.5750000000001,4.576100000000004,4,0,4,28.6
7,1-(3-(5-(tert-butoxy)naphtalen-1-yl)propyl)-4-(pyridin-2-yl)piperazine,CC(C)(C)Oc1cccc2c1CCCC2CCCN3CCN(CC3)c4ccccn4,407.6020000000001,5.2812000000000054,4,0,4,28.6
8,1-(4-(3-(tert-butoxy)phenyl)butyl)- 4-(pyridin-2-yl)piperazine,CC(C)(C)Oc1cccc(c1)CCCCN2CCN(CC2)c3ccccn3,367.53700000000003,4.403800000000004,4,0,3,28.6
9,3-Iodothyronamine,c1cc(ccc1CCN)Oc2ccc(c(c2)I)O,355.175,3.2903000000000016,3,2,2,55.480000000000004
10,LSD,CCN(CC)C(=O)[C@H]1CN([C@@H]2Cc3c[nH]c4c3c(ccc4)C2=C1)C,323.44000000000005,2.9060000000000006,2,1,4,39.34
11,Ergotamine,C[C@@]1(C(=O)N2[C@H](C(=O)N3CCC[C@H]3[C@@]2(O1)O)Cc4ccccc4)NC(=O)[C@H]5CN([C@@H]6Cc7c[nH]c8c7c(ccc8)C6=C5)C,581.6730000000001,1.9908000000000006,6,3,8,118.21000000000001
12,Dihydroergotamine,C[C@@]1(C(=O)N2[C@H](C(=O)N3CCC[C@H]3[C@@]2(O1)O)Cc4ccccc4)NC(=O)[C@@H]5C[C@@H]6c7cccc8c7c(c[nH]8)C[C@H]6N(C5)C,583.689,2.0811000000000006,6,3,8,118.21
13,Cabergoline,CCNC(=O)N(CCCN(C)C)C(=O)[C@@H]1C[C@@H]2c3cccc4c3c(c[nH]4)C[C@H]2N(C1)CC=C,451.61500000000024,3.193900000000002,4,2,4,71.67999999999999
14,LY266097,Cc1ccc2c(c1)c3c([nH]2)C(NCC3)Cc4ccc(c(c4Cl)OC)OC,370.8800000000001,4.576420000000003,3,2,4,46.28
15,Pergolide,CCCN1C[C@@H](C[C@H]2[C@H]1Cc3c[nH]c4c3c2ccc4)CSC,314.49800000000005,4.271100000000003,2,1,4,19.03
16,Methylergonovine,CC[C@@H](CO)NC(=O)[C@H]1CN([C@@H]2Cc3c[nH]c4c3c(ccc4)C2=C1)C,339.4390000000001,1.9247000000000003,3,3,4,68.36
17,Capadenoson,c1cc(ccc1c2c(c(nc(c2C#N)SCc3csc(n3)c4ccc(cc4)Cl)N)C#N)OCCO,520.0390000000003,5.514460000000003,9,2,4,128.84
18,VCP746,c1ccc(cc1)C(=O)c2c(c(sc2N)c3ccc(cc3)C(=O)NCCCCCCNc4c5c(ncn4)n(cn5)C6C(C(C(O6)O)O)O)c7cccc(c7)C(F)(F)F,801.8480000000006,6.025100000000007,13,6,7,197.73999999999998
19,CCPA,c1nc2c(nc(nc2n1[C@H]3[C@@H]([C@@H]([C@H](O3)CO)O)O)Cl)NC4CCCC4,369.8090000000002,0.44569999999999976,9,4,4,125.55000000000001
20,DPMA,Cc1ccccc1C(CNc2c3c(ncn2)n(cn3)[C@H]4[C@@H]([C@@H]([C@H](O4)CO)O)O)c5cc(cc(c5)OC)OC,521.5740000000003,2.0074199999999998,11,4,5,144.01
21,MRS542,c1cc(cc(c1)I)CNc2c3c(nc(n2)Cl)n(cn3)[C@H]4[C@@H]([C@@H]([C@H](O4)CO)O)O,517.7110000000002,1.3078999999999996,9,4,4,125.55000000000001
22,MRS1760,c1cc(cc(c1)I)CNc2c3c(ncn2)n(cn3)[C@@H]4C[C@@H]([C@H]([C@H]4O)O)CO,481.29400000000015,1.3180999999999992,8,4,4,116.32000000000001
23,DBXRM,CCCCn1c2c(c(=O)n(c1=O)CCCC)n(cn2)[C@H]3[C@@H]([C@@H]([C@H](O3)C(=O)NC)O)O,423.47,-0.6748999999999977,10,3,3,140.61
24,BAY 60-6583,c1cc(ccc1c2c(c(nc(c2C#N)SCC(=O)N)N)C#N)OCC3CC3,379.44500000000016,2.44036,7,2,3,138.80999999999997
25,MRS3397,c1cc2c(cc1Br)[nH]cc2CCOc3nc(c4c(n3)n(cn4)[C@H]5[C@@H]([C@@H]([C@H](O5)CO)O)O)N,505.3290000000002,0.8852999999999993,10,5,5,164.56000000000003
26,MRS5911,c1cc(ccc1Nc2c3c(ncn2)n(cn3)[C@H]4[C@@H]([C@@H]([C@H](O4)CO)O)O)I,469.2390000000001,0.7859999999999996,9,4,4,125.55000000000001
27,NECA,CCNC(=O)[C@@H]1[C@H]([C@H]([C@@H](O1)n2cnc3c2ncnc3N)O)O,308.298,-1.8361999999999978,9,4,3,148.40999999999997
28,HEMADO,CCCCC#Cc1nc(c2c(n1)n(cn2)[C@H]3[C@@H]([C@@H]([C@H](O3)CO)O)O)NC,361.4020000000001,0.02119999999999994,9,4,3,125.55000000000001
29,MRS3558,CNC(=O)[C@@]12C[C@@H]1[C@H]([C@@H]([C@@H]2O)O)n3cnc4c3nc(nc4NCc5cccc(c5)Cl)Cl,463.32500000000016,1.7739999999999998,8,4,5,125.19000000000001
30,MRS5655,CNC(=O)C1CC(C(C1O)O)n2cnc3c2nc(nc3NCc4cccc(c4)Cl)C#Cc5ccccc5,516.9890000000003,2.5204000000000004,8,4,5,125.19000000000001
31,MRS5667,CNc1c2c(nc(n1)C#Cc3ccc(cc3)c4ccccc4)n(cn2)C5CC(C(C5O)O)C(=O)NC,482.54400000000015,1.963599999999999,8,4,5,125.19
32,MRS5679,CNC(=O)C1CC(C(C1O)O)n2cnc3c2nc(nc3NCc4cccc(c4)Cl)C#Cc5ccc(cc5)c6ccccc6,593.0870000000002,4.187400000000004,8,4,6,125.19000000000001
33,MRS5698,CNC(=O)C1CC(C(C1O)O)n2cnc3c2nc(nc3NCc4cccc(c4)Cl)C#Cc5ccc(c(c5)F)F,552.9690000000004,2.7986000000000013,8,4,5,125.19000000000001
34,MRS5704,CNC(=O)C1CC(C(C1O)O)n2cnc3c2nc(nc3NCc4cccc(c4)Cl)C#CC5=CC=c6ccc7=CC=CC8c7c6C5C=C8,643.1470000000002,2.980100000000001,8,4,8,125.19000000000001
35,MRS5783,CNC(=O)C1CC(C(C1O)O)n2cnc3c2nc(nc3NCc4cccc(c4)Cl)C#Cc5cc6cccc7c6c8c5cccc8cc7,641.1310000000001,5.417800000000005,8,4,8,125.19000000000001
36,MRS7030,C[C@@H](c1ccc(c(c1)F)F)[C@@H](C)NC2C3C(NC(N2)CCc4ccccc4)N(CN3)C5=CC(C(=C5O)O)C(=O)NC,568.6690000000002,2.6689000000000016,8,7,5,120.92000000000002
37,MRS7034,C[C@H](c1ccc(c(c1)F)F)[C@H](C)NC2C3C(NC(N2)CCc4ccccc4)N(CN3)C5=CC(C(=C5O)O)C(=O)NC,568.6690000000002,2.6689000000000016,8,7,5,120.92000000000002
38,MM07,CC(C)C[C@H]1C(=O)N[C@@H](CSSC[C@@H](C(=O)N[C@H](C(=O)N2CCC[C@H]2C(=O)N[C@H](C(=O)N1)CCCNC(=N)N)CCCNC(=N)N)N)C(=O)N[C@@H](Cc3c[nH]cn3)C(=O)N[C@@H](CCCCN)C(=O)NCC(=O)N4CCC[C@H]4C(=O)N[C@@H](CCSC)C(=O)N5CCC[C@H]5C(=O)N[C@@H](Cc6ccccc6)C(=O)O,1539.9259999999997,-3.575859999999987,21,19,6,564.6499999999999
39,Apelin13-1,CC(C)C[C@@H](C(=O)N[C@@H](CO)C(=O)N[C@@H](CCCC[C@@H](C(=O)OC(=O)[C@H](Cc1ccccc1)N)N)C(=O)N[C@@H](CCCCN)C(=O)NCC(=O)N2CCC[C@@H]2C(=O)N)NC(=O)[C@H](CCCNC(=N)C)NC(=O)[C@@H]3CCCN3C(=O)[C@H](CCCNC(=N)N)N,1241.5079999999998,-4.353660000000004,19,17,3,523.7699999999999
40,Apelin13-4,CCC[C@@H](C(=O)N[C@@H](CO)C(=O)N[C@@H](CCCC[C@@H](C(=O)OC(=O)O)N)C(=O)N[C@@H](CCCCN)C(=O)NCC(=O)N1CCC[C@@H]1C(=O)N)NC(=O)[C@H](CCCNC(=N)C)NC(=O)[C@@H]2CCCN2C(=O)[C@H](CCCNC(=N)N)N,1124.3129999999999,-5.018260000000012,18,17,2,517.9799999999999
41,Apelin13-11,CCC[C@@H](C(=O)N[C@@H](CO)C(=O)N[C@@H](CCCC[C@@H](C(=O)OC(=O)OC(=O)CNC)N)C(=O)N[C@@H](CCCCN)C(=O)NCC(=O)N1CCC[C@@H]1C(=O)N)NC(=O)[C@H](CCCNC(=N)C)NC(=O)[C@@H]2CCCN2C(=O)[C@H](CCCNC(=N)N)N,1195.3919999999996,-5.8136600000000005,21,17,2,536.0799999999999
42,CMF-019,CCC(CC)n1c2ccc(cc2nc1Cc3cccs3)C(=O)N[C@@H](CC(C)C)CC(=O)O,455.6240000000002,5.668900000000004,5,2,3,84.22
43,TRV120026,CC(C)[C@@H](C(=O)N[C@@H](Cc1ccc(cc1)O)C(=O)N[C@@H](Cc2ccc(cc2)O)C(=O)N[C@@H](Cc3c[nH]cn3)C(=O)N4CCC[C@H]4C(=O)N)NC(=O)[C@H](CCCNC(=N)N)NC(=O)CNC,904.0429999999993,-2.112230000000003,12,13,4,351.9699999999999
44,TRV120044,CC[C@@H](C)[C@@H](C(=O)N[C@@H](Cc1cnc[nH]1)C(=O)N2CCC[C@H]2C(=O)N[C@@H](C)C(=O)O)NC(=O)[C@@H](Cc3ccc(cc3)O)NC(=O)[C@@H](C(C)C)NC(=O)[C@@H](CCCN=C(N)N)NC(=O)CNC,926.0899999999997,-2.120100000000005,12,12,3,357.54999999999984
45,TRV120045,CC[C@H](C)[C@@H](C(=O)N[C@@H](Cc1c[nH]cn1)C(=O)N2CCC[C@H]2C(=O)N[C@H](C)C(=O)O)NC(=O)[C@H](Cc3ccc(cc3)O)NC(=O)[C@H](C(C)C)NC(=O)[C@H](CCCNC(=N)N)NC(=O)[C@H](C)NC,940.1169999999998,-1.5219300000000018,12,13,3,355.0499999999999
46,TRV120034,CC(C)[C@@H](C(=O)N[C@@H](Cc1ccc(cc1)O)C(=O)N[C@@H](CCCNC(=N)N)C(=O)N[C@@H](Cc2c[nH]cn2)C(=O)N3CCC[C@H]3C(=O)N)NC(=O)[C@H](CCCNC(=N)N)NC(=O)CNC,897.0559999999994,-3.797260000000013,12,15,3,393.6399999999999
47,SGG,CC[C@H](C)[C@@H](C(=O)N[C@@H](Cc1c[nH]cn1)C(=O)N2CCC[C@H]2C(=O)NCC(=O)N[C@@H](Cc3ccccc3)C(=O)O)NC(=O)CNC(=O)[C@H](C(C)C)NC(=O)[C@H](CCCNC(=N)N)NC(=O)CN,939.0889999999997,-3.149030000000014,12,13,3,377.9099999999999
48,TRV120023,CC(C)[C@@H](C(=O)N[C@@H](Cc1ccc(cc1)O)C(=O)N[C@@H](CCCCN)C(=O)N[C@@H](Cc2c[nH]cn2)C(=O)N3CCC[C@H]3C(=O)N[C@@H](C)C(=O)O)NC(=O)[C@H](CCCNC(=N)N)NC(=O)CNC,941.1049999999996,-2.827530000000012,13,14,3,381.0699999999999
49,TRV120055,CC(C)[C@@H](C(=O)N[C@@H](Cc1ccc(cc1)O)C(=O)N[C@@H](C(C)C)C(=O)N[C@@H](Cc2c[nH]cn2)C(=O)N)NC(=O)[C@H](CCCNC(=N)N)NC(=O)CNC,742.8829999999997,-2.3955300000000017,10,12,2,311.4299999999999
50,TRV120056,CC[C@H](C)[C@@H](C(=O)N[C@@H](Cc1c[nH]cn1)C(=O)N2CCC[C@H]2C(=O)NCC(=O)O)NC(=O)[C@H](Cc3ccc(cc3)O)NC(=O)[C@H](C(C)C)NC(=O)[C@H](CCCNC(=N)N)NC(=O)[C@H](CC(=O)O)N,956.0719999999999,-2.7163300000000072,13,14,3,406.3399999999999
51,"SI-[(Sar1,Ile8)-AngII]",CC[C@H](C)[C@@H](C(=O)N[C@@H](Cc1c[nH]cn1)C(=O)N2CCC[C@H]2C(=O)N[C@@H]([C@@H](C)CC)C(=O)O)NC(=O)[C@H](Cc3ccc(cc3)O)NC(=O)[C@H](C(C)C)NC(=O)[C@H](CCCNC(=N)N)NC(=O)CNC,968.1709999999997,-0.8842300000000007,12,13,3,355.0499999999999
52,"SII-[(Sar1,Ile4,Ile8)-AngII]",CC(C)[C@@H](C(=O)N[C@@H](Cc1ccc(cc1)O)C(=O)N[C@@H](C(C)C)C(=O)N[C@@H](Cc2c[nH]cn2)C(=O)N3CCC[C@H]3C(=O)N([C@@H](Cc4ccccc4)C(=O)O)C(=O)c5ccccc5)NC(=O)[C@H](CCCNC(=N)N)NC(=O)CNC,1092.2689999999998,0.4750700000000073,13,12,5,363.32999999999987
53,"SBpA-[(Sar1,Bpa8)-AngII]",CC(C)[C@@H](C(=O)N[C@@H](Cc1ccc(cc1)O)C(=O)N[C@@H](C(C)C)C(=O)N[C@@H](Cc2c[nH]cn2)C(=O)N3C[C@@H](C[C@H]3C(=O)O)[C@@H](Cc4ccc(cc4)C(=O)c5ccccc5)C(=O)O)NC(=O)[C@H](CCCNC(=N)N)NC(=O)CNC,1093.253,0.5953700000000057,13,13,5,380.3199999999998
54,"SVdF-[(Sar1,Val5,D-Phe8)-AngII]",CC(C)[C@@H](C(=O)N[C@@H](Cc1ccc(cc1)O)C(=O)N[C@@H](C(C)C)C(=O)N[C@@H](Cc2c[nH]cn2)C(=O)N3CCC[C@H]3C(=O)N[C@@H](Cc4ccccc4)C(=O)O)NC(=O)[C@H](CCCNC(=N)N)NC(=O)CNC,988.1609999999996,-1.077730000000001,12,13,4,355.0499999999999
55,DVG,CC(C)[C@@H](C(=O)N[C@@H](Cc1ccc(cc1)O)C(=O)N[C@@H](C(C)C)C(=O)N[C@@H](Cc2cnc[nH]2)C(=O)N3CCC[C@H]3C=O)NC(=O)[C@H](CCCNC(=N)N)NN(C)CC(=O)N[C@@H](Cc4ccccc4)C(=O)O,988.1609999999996,-0.7780300000000056,13,12,4,346.25999999999993
56,Barium,[Ba+2],137.328,-0.3808,0,0,0,0.0
57,Spermine,C(CCNCCCN)CNCCCN,202.34599999999998,-0.35659999999999753,4,4,0,76.1
58,Neomycin,C1[C@H]([C@@H]([C@H]([C@@H]([C@H]1N)O[C@@H]2[C@@H]([C@H]([C@@H]([C@H](O2)CN)O)O)N)O[C@H]3[C@@H]([C@@H]([C@H](O3)CO)O[C@@H]4[C@@H]([C@H]([C@@H]([C@@H](O4)CN)O)O)N)O)O)N,614.6500000000002,-8.895300000000017,19,13,4,353.10999999999996
59,Tobramycin,C1[C@@H]([C@H]([C@@H]([C@H]([C@@H]1N)O[C@@H]2[C@@H]([C@H]([C@@H]([C@H](O2)CO)O)N)O)O)O[C@@H]3[C@@H](C[C@@H]([C@H](O3)CN)O)N)N,467.52000000000027,-6.295800000000003,14,10,3,268.16999999999996
60,Anandamide,CCCCCC=CCC=CCC=CCC=CCCCC(=O)NCCO,347.5430000000001,5.240600000000005,2,2,0,49.33
61,Methanandamide,CCCCCC=CCC=CCC=CCC=CCCCC(=O)N[C@H](C)CO,361.5700000000001,5.6291000000000055,2,2,0,49.33
62,Δ9-THC,CCCCCc1cc(c2c(c1)OC([C@H]3[C@H]2C=C(CC3)C)(C)C)O,314.46900000000005,5.7358000000000064,2,1,3,29.46
63,WIN55-212-2,Cc1c(c2cccc3c2n1[C@@H](CO3)CN4CCOCC4)C(=O)c5cccc6c5cccc6,426.51600000000013,4.599620000000004,5,0,6,43.7
64,CP55940,CCCCCCC(C)(C)c1ccc(c(c1)O)[C@@H]2C[C@@H](CC[C@H]2CCCO)O,376.58100000000024,5.657300000000009,3,3,2,60.69
65,HU-210,CCCCCCC(C)(C)c1cc(c2c(c1)OC([C@H]3[C@H]2CC(=CC3)CO)(C)C)O,386.5760000000002,6.2235000000000085,3,2,3,49.69
66,JWH133,CCCC(C)(C)c1ccc2c(c1)OC([C@H]3[C@H]2CC(=CC3)C)(C)C,312.49700000000007,6.375200000000007,1,0,3,9.23
67,KM233,CC1=CC[C@@H]2[C@@H](C1)c3c(cc(cc3OC2(C)C)C(C)(C)c4ccccc4)O,362.51300000000003,6.329000000000007,2,1,4,29.46
68,AM1241,CN1CCCCC1Cn2cc(c3c2cccc3)C(=O)c4cc(ccc4I)N(=O)=O,503.34000000000015,4.869400000000004,5,0,4,68.38
69,JWH015,CCCn1c(c(c2c1cccc2)C(=O)c3cccc4c3cccc4)C,327.427,5.743920000000005,2,0,4,22.0
70,MAM2201,Cc1ccc(c2c1cccc2)C(=O)c3cn(c4c3cccc4)CCCCCF,373.4710000000002,6.473720000000005,2,0,4,22.0
71,AM2232,c1ccc2c(c1)cccc2C(=O)c3cn(c4c3cccc4)CCCCC#N,352.4370000000002,5.719380000000004,3,0,4,45.79
72,SER601,CCCCCn1cc(c(=O)c2c1ccc(c2)C(C)C)C(=O)NC34CC5CC(C3)CC(C5)C4,434.6240000000003,6.013700000000006,3,1,6,51.1
73,GW833972A,c1cc(cc(c1)Cl)Nc2ncc(c(n2)C(F)(F)F)C(=O)NCc3ccncc3,407.78300000000013,4.217400000000001,5,2,3,79.8
74,2-arachidonoylglycerol,CCCCC/C=CC/C=CC/C=CC/C=CCCCC(=O)OC(CO)CO,378.55300000000017,5.028500000000006,4,2,0,66.76
75,AM-1248,CN1CCCCC1Cn2cc(c3c2cccc3)C(=O)C45CC6CC(C4)CC(C6)C5,390.5710000000003,5.5247000000000055,3,0,7,25.240000000000002
76,4-methylhonokiol,COc1ccc(cc1CC=C)c2cc(ccc2O)CC=C,280.367,4.524800000000003,2,1,2,29.46
77,Sts-135,c1ccc2c(c1)c(cn2CCCCCF)C(=O)NC34CC5CC(C3)CC(C5)C4,382.5230000000002,5.479700000000005,2,1,6,34.03
78,UR-144,CCCCCn1cc(c2c1cccc2)C(=O)C3C(C3(C)C)(C)C,311.4690000000001,5.696400000000005,2,0,3,22.0
79,J113863,ClC1=CC=C(OC(C=CC(Cl)=C3)=C3C2C(N[C@@H]4CC[N@@+](C/C5=C/CCCCCC5)(CC)CC4)=O)C2=C1.ClC6=CC=C(OC(C=CC(Cl)=C8)=C8C7C(N[C@H]9CC[N@+](C/C%10=C/CCCCCC%10)(CC)CC9)=O)C7=C6,1057.0879999999993,15.253799999999966,4,2,10,76.66
80,UCB35625,ClC1=CC=C(OC(C=CC(Cl)=C3)=C3C2C(N[C@H]4CC[N@@+](C/C5=C/CCCCCC5)(CC)CC4)=O)C2=C1.ClC6=CC=C(OC(C=CC(Cl)=C8)=C8C7C(N[C@@H]9CC[N@+](C/C%10=C/CCCCCC%10)(CC)CC9)=O)C7=C6,1057.0879999999993,15.253799999999966,4,2,10,76.66
81,CX4338,CC1(CC(=C(C(=O)C1)C(=S)Nc2ccccc2)NCc3ccccc3)C,364.5140000000001,4.858900000000004,3,2,3,41.13
82,"N-{1-[3-(4-ethoxy-phenyl)-4-oxo-3,4-dihydropyrido[2,3-d]pyrimidin-2-yl]ethyl}-4-(4-fluorobutoxy)-N-[(1-methylpiperidin-4-yl)methyl]butanamide",CCOc1ccc(cc1)n2c(=O)c3cccnc3nc2C(C)N(CC4CCN(CC4)C)C(=O)CCCOCCCCF,581.7330000000003,4.9573000000000045,8,0,4,89.79
83,"{5-[(N-{1-[3-(4-ethoxyphenyl)-4-oxo-3,4-dihydropyrido[2,3-d]pyrimidin-2-yl]ethyl}-2-[4-fluoro-3-(trifluoromethyl)phenyl]acetamido)methyl]-2-fluorophenyl}boronic acid",B(c1cc(ccc1F)CN(C(C)c2nc3c(cccn3)c(=O)n2c4ccc(cc4)OCC)C(=O)Cc5ccc(c(c5)C(F)(F)F)F)(O)O,666.4120000000006,4.488700000000006,8,2,5,117.78
84,FAUC1104,CC(C)(C)OC(=O)N[C@@H](CCCCNC(=O)[C@@H]1Cc2ccccc2CN1C(=O)CCC(=O)c3ccc(cc3)OC)C(=O)NCC(c4ccccc4)c5ccccc5,774.9590000000002,6.739700000000007,7,3,5,143.14000000000001
85,FAUC1036,CC(C)(C)OC(=O)N[C@@H](CCCCNC(=O)[C@@H]1Cc2ccccc2CN1C(=O)CCC(=O)c3ccccc3)C(=O)NCC(c4ccccc4)c5ccccc5,744.9330000000002,6.731100000000007,6,3,5,133.91
86,VUF10661,c1ccc(cc1)C(CNC(=O)[C@H](CCCCN)NC(=O)[C@@H]2Cc3ccccc3CN2C(=O)CCC(=O)c4ccccc4)c5ccccc5,644.8160000000004,5.165100000000005,5,3,5,121.6
87,SEN071,CC(C)(C)c1cc(n(n1)Cc2ccccc2)C(=O)Nc3ccc4c(c3)CCCC4,387.52700000000027,5.360000000000006,3,1,4,46.92
88,SEN484,Cc1ccc(s1)C(=O)CN2C(=O)C(NC2=O)(c3ccccc3)c4ccccc4,390.46400000000006,3.734820000000002,4,1,4,66.48
89,SKF83959,Cc1cccc(c1)C2CN(CCc3c2cc(c(c3Cl)O)O)C,317.816,3.679420000000004,3,2,3,43.7
90,SKF38393,c1ccc(cc1)C2CNCCc3c2cc(c(c3)O)O,255.31699999999995,2.375400000000001,3,3,3,52.489999999999995
91,SKF82957,CC(C)(C)N1CCc2c(cc(c(c2Cl)O)O)[C@H](C1)c3ccccc3,345.8700000000001,4.539700000000005,3,2,3,43.7
92,SKF75670,CC(C)(C)N1CCc2cc(c(cc2C(C1)c3ccccc3)O)O,311.425,3.8863000000000043,3,2,3,43.7
93,SKF77434,C=CCN1CCc2cc(c(cc2C(C1)c3ccccc3)O)O,295.382,3.273800000000003,3,2,3,43.7
94,Apomorphine,CN1CCc2cccc-3c2[C@H]1Cc4c3c(c(cc4)O)O,267.328,2.8499000000000017,3,2,4,43.7
95,PF-8294,Cc1cc(ccc1n2c(nc3c2ccnc3)C)Oc4c5ccoc5ccn4,356.38500000000005,4.9708400000000035,6,0,5,65.97
96,PF-6142,Cc1cc(ccc1c2c(ncc3n2ccn3)C)Oc4c5ccoc5ccn4,356.38500000000005,4.946640000000003,6,0,5,65.45
97,PF-8871,Cc1cc(ccc1c2c(ncnc2C)C)Oc3c4ccoc4ccn3,331.375,5.002360000000004,5,0,4,61.040000000000006
98,PF-1119,Cc1cc(ccc1c2c(nnnc2C)C)Oc3c4ccoc4ccn3,332.363,4.3973600000000035,6,0,4,73.93
99,UNC 9975,c1cc(c(c(c1)Cl)Cl)N2CCCN(CC2)CCCCOc3ccc4c(n3)NC(=O)CC4,463.40900000000033,4.644400000000004,5,1,4,57.7
100,UNC 9994,c1cc(c(c(c1)Cl)Cl)C2CCN(CC2)CCCOc3ccc4c(c3)ncs4,421.3930000000001,6.251600000000005,4,0,4,25.36
101,UNC 0006,c1cc(c(c(c1)Cl)Cl)N2CCCN(CC2)CCCCOc3ccc4c(c3)NC(=O)CC4,462.42100000000033,5.249400000000005,4,1,4,44.81
102,Bromocriptine,CC(C)C[C@H]1C(=O)N2CCC[C@H]2[C@]3(N1C(=O)[C@](O3)(C(C)C)NC(=O)[C@H]4CN([C@@H]5Cc6c7c(cccc7[nH]c6Br)C5=C4)C)O,654.6060000000002,3.1928000000000023,6,3,7,118.21000000000002
103,Aripiprazole,c1cc(c(c(c1)Cl)Cl)N2CCN(CC2)CCCCOc3ccc4c(c3)NC(=O)CC4,448.3940000000003,4.859300000000005,4,1,4,44.81
104,Rotigotine,CCCN(CCc1cccs1)[C@H]2CCc3c(cccc3O)C2,315.482,4.265700000000004,3,1,3,23.47
105,Lisuride,CCN(CC)C(=O)N[C@@H]1CN([C@@H]2Cc3c[nH]c4c3c(ccc4)C2=C1)C,338.45500000000004,2.841400000000001,2,2,4,51.370000000000005
106,RNPA,CCCN1CCc2cccc-3c2[C@H]1Cc4c3c(c(cc4)O)O,295.38199999999995,3.630100000000004,3,2,4,43.7
108,"5-(4-(4-(2,3-Dichlorophenyl)piperazin-1-yl)butoxy)-2-methylbenzo[d]thiazole",Cc1nc2cc(ccc2s1)OCCCCN3CCN(CC3)c4cccc(c4Cl)Cl,450.43500000000006,5.892720000000005,5,0,4,28.6
109,"5-(4-(4-(2,3-Dichlorophenyl)piperazin-1-yl)butoxy)-N-methylbenzo[d]thiazol-2-amine",CNc1nc2cc(ccc2s1)OCCCCN3CCN(CC3)c4cccc(c4Cl)Cl,465.45000000000016,5.626000000000006,6,1,4,40.63000000000001
110,"5-(4-(4-(2,3-Dichlorophenyl)piperidin-1-yl)butoxy)-2-ethylbenzo-[d]thiazole",CCc1nc2cc(ccc2s1)OCCCCN3CCC(CC3)c4cccc(c4Cl)Cl,463.47400000000016,7.204100000000006,4,0,4,25.36
111,2-Isopropyl-5-(4-(4-(2-methylquinolin-8-yl)piperazin-1-yl)-butoxy)benzo[d]thiazole,Cc1ccc2cccc(c2n1)N3CCN(CC3)CCCCOc4ccc5c(c4)nc(s5)C(C)C,474.6740000000002,6.257520000000007,6,0,5,41.49000000000001
112,"5-(4-(4-(2,3-Dihydrobenzo[b][1,4]dioxin-5-yl)piperazin-1-yl)-butoxy)-2-isopropylbenzo[d]thiazole",CC(C)c1nc2cc(ccc2s1)OCCCCN3CCN(CC3)c4cccc5c4OCCO5,467.63500000000033,5.172100000000005,7,0,5,47.06
113,"5-(4-(4-(2,3-Dichlorophenyl)piperidin-1-yl)butoxy)-N-methylbenzo[d]thiazol-2-amine",CNc1nc2cc(ccc2s1)OCCCCN3CCC(CC3)c4cccc(c4Cl)Cl,464.4620000000001,6.683400000000005,5,1,4,37.39000000000001
114,MLS000051547,c1ccnc(c1)N2CCN(CC2)Cc3cc(c4cccnc4c3O)Cl,354.841,3.311000000000002,5,1,4,52.49000000000001
115,NCGC00319124,c1ccc2c(c1)c(cc(c2O)CN3CCN(CC3)c4ccccn4)Cl,353.85299999999995,3.916000000000002,4,1,4,39.6
116,NCGC00319127,c1ccc2c(c1)c(cc(c2O)CN3CCN(CC3)c4ncccn4)Cl,354.8409999999999,3.3110000000000017,5,1,4,52.49
117,NCGC00319125,c1ccc(cc1)N2CCN(CC2)Cc3cc(c4cccnc4c3O)Cl,353.85299999999995,3.9160000000000035,4,1,4,39.6
118,NCGC00346387,CNc1cccnc1N2CCN(CC2)Cc3cc(c4cccnc4c3O)Cl,383.88300000000004,3.352700000000002,6,2,4,64.52000000000001
119,NCGC00319141,c1ccc2c(c1)cccc2CN3CCN(CC3)c4ccccn4,303.40899999999993,3.5570000000000013,3,0,4,19.37
120,MLS000860449,Cc1c(c2ccccc2[nH]1)CN3CCN(CC3)c4ccccn4,306.4129999999999,3.1935200000000012,3,1,4,35.160000000000004
121,NCGC0319129,CC(C)(C)c1cc(c(c(c1)O)O)CN2CCN(CC2)c3c(cccn3)NC,370.49700000000007,3.1542000000000012,6,3,3,71.86
122,NCGC00319139,c1ccc(c(c1)CN2CCN(CC2)c3ccccn3)Br,332.245,3.1663000000000014,3,0,3,19.37
123,NCGC00319137,c1ccc(c(c1)CN2CCN(CC2)c3ccccn3)Cl,287.794,3.0572000000000017,3,0,3,19.37
124,NCGC00319133,COc1cccc(c1)CN2CCN(CC2)c3ccccn3,283.37499999999994,2.4124000000000008,4,0,3,28.6
125,NCGC00319130,COc1cccc(c1OC)CN2CCN(CC2)c3ccccn3,313.40099999999995,2.4210000000000003,5,0,3,37.830000000000005
126,NCGC00319126,CC(C)(C)c1cc(c(c(c1)O)O)CN2CCN(CC2)c3ncccn3,342.44300000000004,2.507500000000001,6,2,3,72.72
127,"5-{4-[4-(5-Hydroxy-2H-benzo[b][1,4]oxazin-3(4H)-one-8-yl)piperazin-1-yl]butoxy}pyrazolo[1,5-]pyridine-3-carbaldehyde",CC(=O)c1cnn2c1cc(cc2)CCCCCN3CCN(CC3)c4ccc(c5c4OCC(=O)N5)O,477.5650000000003,3.108400000000002,8,2,5,99.41000000000001
128,"5-{4-[4-(5-Hydroxy-2H-benzo[b][1,4]oxazin-3(4H)-one-8-yl)piperazin-1-yl]butoxy}pyrazolo[1,5-a]pyridine-3-carbaldehydoxime",CC(=NO)c1cnn2c1cc(cc2)CCCCCN3CCN(CC3)c4ccc(c5c4OCC(=O)N5)O,492.5800000000003,3.1040000000000014,9,3,5,114.93000000000002
129,"5-(4-[4-(8-Hydroxy-2,3-dihydrobenzo[b][1,4]dioxin-5-yl)piperazin-1-yl]butoxy)-pyrazolo[1,5-a]pyridine-3-carbaldehydoxime",CC(=NO)c1cnn2c1cc(cc2)CCCCCN3CCN(CC3)c4ccc(c5c4OCCO5)O,479.58100000000036,3.544300000000003,9,2,5,95.06000000000002
130,"1-Methyl-4-(5-hydroxy-2H-benzo[b][1,4]oxazin-3(4H)-one-8-yl)piperazine",CN1CCN(CC1)c2ccc(c3c2OCC(=O)N3)O,263.29699999999997,0.4748999999999997,5,2,3,65.04
131,"7-{4-[4-(8-Hydroxy-2-oxo-2H-chromen-5-yl)-1,4-diazepan-1-yl]-butoxy}-3,4-dihydroquinolin-2(1H)-one",c1cc2c(cc1OCCCCN3CCCN(CC3)c4ccc(c5c4ccc(=O)o5)O)NC(=O)CC2,477.5610000000002,3.7546000000000026,7,2,5,95.25
133,"7-(4-(4-(1-Propyl-1H-indol-4-yl)piperazin-1-yl)butoxy)-3,4-dihydroquinolin-2(1H)-one",CCCn1ccc2c1cccc2N3CCN(CC3)CCCCOc4ccc5c(c4)NC(=O)CC5,460.6220000000003,4.917200000000004,5,1,5,49.74
134,"7-(4-(4-(1,2-Dimethyl-1H-indol-4-yl)piperazin-1-yl)butoxy)-3,4-dihydroquinolin-2(1H)-one",Cc1cc2c(n1C)cccc2N3CCN(CC3)CCCCOc4ccc5c(c4)NC(=O)CC5,446.59500000000025,4.3526200000000035,5,1,5,49.74
136,"6-{4-[4-(2-Methoxyphenyl)piperazin-1-yl]butoxy}lpyrazolo[1,5-a]pyridine",COC1=C(N2CCN(CCCCOC(C=C3)=CN4C3=CC=N4)CC2)C=CC=C1,380.49200000000013,3.3241000000000023,6,0,4,42.24
137,"(R)-6-{Propyl[4-(pyrazolo[1,5-a]pyridin-6-yloxy)butyl]amino}-5,6,7,8-tetrahydro naphthalen-1-ol",CCCN([C@H]1CC(C=CC=C2O)=C2CC1)CCCCOC(C=C3)=CN4C3=CC=N4,393.53100000000006,4.4684000000000035,5,1,4,50.0
138,"(R)-6-{Propyl[4-(pyrazolo[1,5-a]pyridin-5-yloxy)butyl]amino}-5,6,7,8-tetrahydro naphthalen-1-ol",CCCN([C@H]1CC(C=CC=C2O)=C2CC1)CCCCOC3=CC4=CC=NN4C=C3,393.53100000000006,4.468400000000004,5,1,4,50.0
139,"6-{4-[4-(2-Methoxyphenyl)piperazin-1-yl]butoxy}pyrazolo[1,5-a]-pyridine-3-carbaldehyde",COC1=CC=CC=C1N2CCN(CCCCOC3=CN4C(C=C3)=C(C([H])=O)C=N4)CC2,408.50200000000007,3.1366000000000014,7,0,4,59.31
140,"6-{4-[4-(2-Methoxyphenyl)piperazin-1-yl]butoxy}lpyrazolo[1,5-a]pyridine-3 carbaldehydoxime",COC1=CC=CC=C1N2CCN(CC2)CCCCOC3=CN4C(C=C3)=C(C=N4)C=NO,423.517,3.132200000000001,8,1,4,74.83
141,"(S-trans)-5-{4-[4-(2-Methoxyphenyl)piperazin-1-yl]butoxy}lpyrazolo[1,5-a]pyridine-3-carbaldehydoxime",COC(C=CC=C1)=C1N(CC2)CCN2CCCCOC3=CC4=C(/C([H])=N/O)C=NN4C=C3,423.517,3.132200000000001,8,1,4,74.83
142,"(S-cis)-5-{4-[4-(2-Methoxyphenyl)piperazin-1-yl]butoxy}lpyrazolo[1,5-a]pyridine-3-carbaldehydoxime",O/N=C(C1=C2C=C(OCCCCN3CCN(CC3)C4=C(OC)C=CC=C4)C=CN2N=C1)[H],423.51700000000005,3.132200000000002,8,1,4,74.83000000000001
143,"(S)-6-{4-[(5-Hydroxy-1,2,3,4-tetrahydronaphthalen-2-yl)-(propyl)-amino]butoxy}pyrazolo[1,5-a]pyridine-3-carbaldehydeoxime",CCCN([C@@H]1CC(C=CC=C2O)=C2CC1)CCCCOC(C=C3)=CN4C3=C(C([H])=NO)C=N4,436.5560000000001,4.276500000000003,7,2,4,82.59
145,"5-{4-[4-(2,3-Dichlorophenyl)piperazin-1-yl]butoxy}pyrazolo-[1,5-a]pyridine-3-carbaldehyde",c1cc(c(c(c1)Cl)Cl)N2CCN(CC2)CCCCOc3ccn4c(c3)c(cn4)C=O,447.3660000000002,4.434800000000004,6,0,4,50.080000000000005
146,"6-{4-[4-(2,3-Dichlorophenyl)piperazin-1-yl]butoxy}pyrazolo-[1,5-a]pyridine-3-carbaldehyde",c1cc(c(c(c1)Cl)Cl)N2CCN(CC2)CCCCOc3ccc4c(cnn4c3)C=O,447.3660000000002,4.434800000000004,6,0,4,50.080000000000005
147,"(E)-5-{4-[4-(2,3-Dichlorophenyl)piperazin-1-yl]butoxy}-pyrazolo[1,5-a]pyridine-3-carbaldehydeoxime",c1cc(c(c(c1)Cl)Cl)N2CCN(CC2)CCCCOc3ccn4c(c3)c(cn4)/C=N/O,462.3810000000002,4.430400000000003,7,1,4,65.60000000000001
148,"5-{4-[4-(2,3-Dichlorophenyl)piperazin-1-yl]butoxy}pyrazolo-[1,5-a]pyridine-2-carbaldehydeoxime",c1cc(c(c(c1)Cl)Cl)N2CCN(CC2)CCCCOc3ccn4c(c3)cc(n4)C=NO,462.3810000000002,4.430400000000003,7,1,4,65.60000000000001
149,Cariprazine,CN(C)C(=O)N[C@H]1CC[C@@H](CC1)CCN2CCN(CC2)c3cccc(c3Cl)Cl,427.4200000000001,4.335500000000003,3,1,3,38.82000000000001
150,"6-{4-[4-(2,3-Dichlorophenyl)piperazin-1-yl]butoxy}pyrazolo-[1,5-a]pyridine",c1cc(c(c(c1)Cl)Cl)N2CCN(CC2)CCCCOc3ccc4ccnn4c3,419.35600000000017,4.6223000000000045,5,0,4,33.010000000000005
151,"5-{4-[4-(2,3-Dichlorophenyl)piperazin-1-yl]butoxy}pyrazolo-[1,5-a]pyridine-2-carbaldehyde",c1cc(c(c(c1)Cl)Cl)N2CCN(CC2)CCCCOc3ccn4c(c3)cc(n4)C=O,447.3660000000002,4.434800000000004,6,0,4,50.080000000000005
153,"tert-butyl (trans-4-(2-(3,4-dihydroisoquinolin-2(1H)-yl)ethyl)cyclohexyl)carbamate",CC(C)(C)OC(=O)N[C@H]1CC[C@@H](CC1)CCN2CCc3ccccc3C2,358.52600000000007,4.518300000000004,3,1,3,41.57
154,"Tert-Butyl (trans-4-(2-(7-Cyano-3,4-dihydroisoquinolin-2(1H)-yl)-ethyl)cyclohexyl)carbamate",CC(C)(C)OC(=O)N[C@H]1CC[C@@H](CC1)CCN2CCc3ccc(cc3C2)C#N,383.5360000000001,4.389980000000004,4,1,3,65.36
155,"N-(trans-4-(2-(3,4-Dihydroisoquinolin-2(1H)-yl)ethyl)cyclohexyl)-acetamide",CC(=O)N[C@H]1CC[C@@H](CC1)CCN2CCc3ccccc3C2,300.446,3.1297000000000015,2,1,3,32.34
156,"Ethyl (trans-4-(2-(3,4-Dihydroisoquinolin-2(1H)-yl)ethyl)-cyclohexyl)carbamate",CCOC(=O)N[C@H]1CC[C@@H](CC1)CCN2CCc3ccccc3C2,330.472,3.7397000000000027,3,1,3,41.57
157,"Isopropyl (trans-4-(2-(3,4-Dihydroisoquinolin-2(1H)-yl)ethyl)-cyclohexyl)carbamate",CC(C)OC(=O)N[C@H]1CC[C@@H](CC1)CCN2CCc3ccccc3C2,344.499,4.128200000000003,3,1,3,41.57
158,"Isobutyl (trans-4-(2-(3,4-Dihydroisoquinolin-2(1H)-yl)ethyl)-cyclohexyl)carbamate",CC(C)COC(=O)N[C@H]1CC[C@@H](CC1)CCN2CCc3ccccc3C2,358.52600000000007,4.375800000000004,3,1,3,41.57
159,"Phenyl (trans-4-(2-(3,4-Dihydroisoquinolin-2(1H)-yl)ethyl)-cyclohexyl)carbamate",c1ccc(cc1)OC(=O)N[C@H]2CC[C@@H](CC2)CCN3CCc4ccccc4C3,378.5160000000001,4.782200000000005,3,1,4,41.57
160,"3-(trans-4-(2-(3,4-Dihydroisoquinolin-2(1H)-yl)ethyl)cyclohexyl)-1,1-dimethylurea",CN(C)C(=O)N[C@H]1CC[C@@H](CC1)CCN2CCc3ccccc3C2,329.488,3.264800000000002,2,1,3,35.580000000000005
161,"1-(tert-Butyl)-3-(trans-4-(2-(3,4-Dihydroisoquinolin-2(1H)-yl)-ethyl)cyclohexyl)urea",CC(C)(C)NC(=O)N[C@H]1CC[C@@H](CC1)CCN2CCc3ccccc3C2,357.54200000000003,4.091300000000003,2,2,3,44.370000000000005
162,"tert-Butyl ((trans-4-((3,4-Dihydroisoquinolin-2(1H)-yl)methyl)-cyclohexyl)methyl)carbamate",CC(C)(C)OC(=O)NC[C@H]1CC[C@@H](CC1)CN2CCc3ccccc3C2,358.52600000000007,4.375800000000004,3,1,3,41.57
163,"tert-Butyl (cis-4-(2-(3,4-Dihydroisoquinolin-2(1H)-yl)ethyl)-cyclohexyl)carbamate",CC(C)(C)OC(=O)N[C@@H]1CC[C@@H](CC1)CCN2CCc3ccccc3C2,358.52600000000007,4.518300000000004,3,1,3,41.57
164,"tert-Butyl (4-(2-(3,4-Dihydroisoquinolin-2(1H)-yl)ethyl)phenyl)-carbamate",CC(C)(C)OC(=O)Nc1ccc(cc1)CCN2CCc3ccccc3C2,352.4780000000001,4.634400000000004,3,1,3,41.57
165,"tert-Butyl (trans-4-((4-(2,3-Dichlorophenyl)piperazin-1-yl)-methyl)cyclohexyl)carbamate",CC(C)(C)OC(=O)N[C@H]1CC[C@@H](CC1)CN2CCN(CC2)c3cccc(c3Cl)Cl,442.43100000000004,5.198900000000005,4,1,3,44.81
166,"3-(cis-4-(2-(3,4-Dihydroisoquinolin-2(1H)-yl)ethyl)cyclohexyl)-1,1-dimethylurea",CN(C)C(=O)N[C@@H]1CC[C@@H](CC1)CCN2CCc3ccccc3C2,329.488,3.264800000000002,2,1,3,35.580000000000005
167,"3-(cis-4-(2-(4-(2,3-Dichlorophenyl)piperazin-1-yl)ethyl)-cyclohexyl)-1,1-dimethylurea",CN(C)C(=O)N[C@@H]1CC[C@@H](CC1)CCN2CCN(CC2)c3cccc(c3Cl)Cl,427.4200000000001,4.335500000000003,3,1,3,38.82000000000001
168,"tert-Butyl (5-(4-(2,3-Dichlorophenyl)piperazin-1-yl)pentyl)-carbamate",CC(C)(C)OC(=O)NCCCCCN1CCN(CC1)c2cccc(c2Cl)Cl,416.39300000000003,4.810400000000004,4,1,2,44.81
169,"3-Amino-N-(5-(4-(2,3-dichlorophenyl)piperazin-1-yl)pentyl)-4,6-dimethylthieno[2,3-b]pyridine-2-carboxamide",Cc1cc(nc2c1c(c(s2)C(=O)NCCCCCN3CCN(CC3)c4cccc(c4Cl)Cl)N)C,520.5300000000002,5.524440000000005,6,2,4,74.49000000000001
170,FAUC350,c1ccn2c(c1)c(cn2)C(=O)NCCCN3CCN(CC3)c4cccc5c4OCC5,405.5020000000002,2.2112999999999996,6,1,5,62.110000000000014
171,CPD1,CN1CCN(CC1=O)c2cc3c(cn2)[nH]nc3c4cccc(n4)N5CCNCC5,392.4670000000002,0.7078999999999998,7,2,5,93.28
172,BRD5814,CC1(CCN(CC1)CCOc2ccccc2C(F)(F)F)Oc3ccc(cc3)Cl,413.8670000000001,5.671100000000005,3,0,3,21.700000000000003
173,1-(4-ethoxyphenyl)-5-methoxy-2-methylindole-3-carboxylic acid,CCOc1ccc(cc1)n2c(c(c3c2ccc(c3)OC)C(=O)O)C,325.36400000000003,4.044420000000002,4,1,3,60.69
174,N-alpha-tosyltryptophan,Cc1ccc(cc1)S(=O)(=O)N[C@@H](Cc2c[nH]c3c2cccc3)C(=O)O,358.4190000000001,2.45052,3,3,3,99.26
175,AM-1638,CC1(CCC=C1c2cc(ccc2c3cc(ccc3F)OC)COc4cccc(c4)[C@@H](CC(=O)O)C5CC5)C,514.6370000000004,8.252000000000006,3,1,5,55.760000000000005
176,AM-5262,CC1(CCC[C@H]1c2cc(ccc2c3cc(ccc3F)OC)COc4ccc5c(c4)[C@]6(CC5)C[C@H]6C(=O)O)C,514.6370000000004,7.662500000000008,3,1,6,55.760000000000005
177,TAK-875,Cc1cc(cc(c1c2cccc(c2)COc3ccc4c(c3)OC[C@H]4CC(=O)O)C)OCCCS(=O)(=O)C,524.6350000000003,5.313640000000006,6,1,4,99.13
178,AZ1729,Cc1c(sc(n1)N=C(N)N)c2cccc(c2)NC(=O)c3ccc(cc3)F,369.4250000000001,3.4148200000000015,4,3,3,106.38999999999999
179,F2Pal10,CC[C@H](C)[C@@H](C(=O)N[C@@H](Cc1c[nH]cn1)C(=O)N[C@@H](CCCCN)C(=O)N[C@@H](CCCCN)C(=O)NCC(=O)N[C@@H](CCSC)C(=O)N[C@@H]([C@@H](C)CC)C(=O)N[C@@H](CCCCN)C(=O)N[C@@H](CO)C(=O)O)NC(=O)[C@H](CCCCNCCCCCCCCCC(=O)O)N,1339.7590000000007,-0.45140000000001973,19,18,1,501.51999999999987
180,MK-0677,CC(C)(C(=O)N[C@H](COCc1ccccc1)C(=O)N2CCC3(CC2)CN(c4c3cccc4)S(=O)(=O)C)N,528.6750000000003,1.765300000000001,6,2,4,122.04
181,JMV-1843,CC(C)(C(=O)N[C@H](Cc1c[nH]c2c1cccc2)C(=O)N[C@H](Cc3c[nH]c4c3cccc4)NC=O)N,474.56500000000017,1.8447999999999996,4,6,4,144.9
182,JMV-2959,COc1ccc(cc1)Cn2c(nnc2[C@@H](Cc3c[nH]c4c3cccc4)NC(=O)CN)CCc5ccccc5,508.62600000000026,3.9602000000000013,6,3,5,110.84999999999998
183,JMV-3018,COc1ccc(cc1)Cn2c(nnc2[C@@H](Cc3c[nH]c4c3cccc4)NC(=O)c5ccccn5)CCc6ccccc6,556.6700000000003,5.710300000000005,6,2,6,97.71999999999998
184,JMV-3002,COc1ccc(c(c1)OC)Cn2c(nnc2[C@@H](Cc3c[nH]c4c3cccc4)NC(=O)c5ccccn5)CCc6ccccc6,586.6960000000003,5.718900000000005,7,2,6,106.95
185,YIL781,Cc1nc2ccc(cc2c(=O)n1C[C@H]3CCCN(C3)C(C)C)Oc4ccc(cc4)F,409.50500000000005,4.756720000000005,5,0,4,47.36
186,wFw-isonipecotic acid,c1ccc(cc1)CC(C(=O)NC(Cc2c[nH]c3c2cccc3)C(=O)N4CCC(CC4)C(=O)N)NC(=O)C(Cc5c[nH]c6c5cccc6)N,647.7800000000001,2.6979000000000024,5,6,6,179.20000000000002
187,"5,5-Difluoro-3,3-methanediyl-bis-indole",c1ccc2c(c1)c(c[nH]2)CC3=CN=C4C3=CC(C=C4)(F)F,282.29299999999995,4.1804000000000014,1,1,4,28.15
188,"7,7-Tetrafluoro-3,3-methanediyl-bis-indole",c1ccc(c(c1)N/C=C/C/C=C/Nc2ccccc2F)F,286.325,4.906300000000002,2,2,2,24.06
189,"5,5,7,7-Tetrafluoro-3,3-methanediyl-bis-indole",c1c(c2c([nH]1)C=CC(C2)(F)F)CC3=CN=C4C3=CC=CC4(F)F,320.28899999999993,4.2318000000000024,1,1,4,28.15
190,6-chloro-3-[(6-chloro-1H-indol-3-yl)methyl]-1H-indole,c1cc2c(cc1Cl)[nH]cc2Cc3c[nH]c4c3ccc(c4)Cl,315.203,5.546800000000003,0,2,4,31.58
191,"3,3-Methylene-bis-(1H-pyrrolo[2,3-b]pyridine)",c1cc2c(c[nH]c2nc1)Cc3c[nH]c4c3cccn4,248.289,3.0300000000000002,2,2,4,57.36
192,Di(indole-3-yl)propane,CC(C)(C)C(c1c[nH]c2c1cccc2)c3c[nH]c4c3cccc4,302.421,5.827200000000005,0,2,4,31.58
193,"1,1-di-indol-3-yl-butane",CCCC(c1c[nH]c2c1cccc2)c3c[nH]c4c3cccc4,288.394,5.581200000000004,0,2,4,31.58
194,"3,3-Isobutylidene-bis-(1H-indole)",CC(C)C(c1c[nH]c2c1cccc2)c3c[nH]c4c3cccc4,288.394,5.437100000000004,0,2,4,31.58
195,Cimetidine,Cc1c(nc[nH]1)CSCCNC(=NC)NC#N,252.347,0.5973999999999998,4,3,1,88.88999999999999
196,Ranitidine,CNC(=C[N+](=O)[O-])NCCSCc1ccc(o1)CN(C)C,314.41100000000006,1.4589999999999996,7,2,1,83.58
197,Tiotidine,CN=C(NCCSCc1csc(n1)N=C(N)N)NC#N,312.428,-0.07271999999999912,6,4,1,137.5
198,Famotidine,c1c(nc(s1)N=C(N)N)CSCC/C(=N/S(=O)(=O)N)/N,337.4560000000001,-0.7679999999999998,6,4,1,175.83
199,Imetit,c1c([nH]cn1)CCSC(=N)N,170.241,0.57887,3,3,1,78.55
200,Proxyfan,c1ccc(cc1)COCCCc2cnc[nH]2,216.284,2.5591,2,1,2,37.91
201,Iodoproxyfan,c1cc(ccc1COCCCc2cnc[nH]2)I,342.17999999999995,3.1637000000000013,2,1,2,37.91
202,VUF10214,CN1CCN(CC1)c2c(=O)[nH]c3cc(c(cc3n2)Cl)Cl,313.188,1.9817,4,1,3,52.230000000000004
203,VUF5223,c1ccc(c(c1)C/N=C(N)/SCCCc2cnc[nH]2)Cl,308.83799999999997,3.243800000000001,3,2,2,67.06
204,JNJ 7777120,CN1CCN(CC1)C(=O)c2cc3cc(ccc3[nH]2)Cl,277.755,2.2089,2,1,3,39.34
205,VUF10056,C1C=C(O)C=C2NC(C(N3CCN(C)CC3)=O)=CC=12,259.3089999999999,1.2610999999999999,3,2,3,59.57
206,VUF6002,CN1CCN(CC1)C(=O)c2[nH]c3cc(ccc3n2)Cl,278.74300000000005,1.6038999999999997,3,1,3,52.230000000000004
207,VUF11273,C(C)1C=CC=C2NC(C(N3CC(N4CCCC4)C3)=O)=CC=12,283.37499999999994,2.3965200000000006,2,1,4,39.34
208,VUF11012,c1cc2c(cc1Cl)cc([nH]2)C(=O)N3CC(C3)N4CCCC4,303.7930000000001,2.741500000000001,2,1,4,39.34
209,VUF5228,c1cc(ccc1C/N=C(NC2CCCCC2)/SCCCc3c[nH]cn3)Cl,390.98400000000004,5.207400000000004,3,2,3,53.07
210,Clobenpropit,c1cc(ccc1CN=C(N)SCCCc2cnc[nH]2)Cl,308.83799999999997,3.243800000000001,3,2,2,67.06
211,VUF5222,c1cc(cc(c1)Cl)CN=C(N)SCCCc2c[nH]cn2,308.8379999999999,3.243800000000001,3,2,2,67.06
212,VUF10778,CN1CCN(CC1)c2cc(nc(n2)N)NCc3ccccc3,298.394,1.4226999999999996,6,2,3,70.31
213,VUF10185,c1c(nc[nH]1)CCn2cc(nn2)CC3CCCCC3,259.35699999999997,2.3667,4,1,3,59.39
214,VUF10192,c1c(nc[nH]1)CCCN2CC(N=N2)CC3CCCCC3,275.40000000000003,3.3641000000000023,4,1,3,56.64
215,UR-PI376,c1ccc(cc1)SCCNC(=NCCCCc2cnc[nH]2)NC#N,342.4719999999999,2.54098,4,3,2,88.88999999999999
216,VUF10306,c1cc(c(cc1C/N=C(NC2CCCCC2)/SCCCc3c[nH]cn3)Cl)Cl,425.4290000000001,5.860800000000005,3,2,3,53.07
217,Clozapine,CN1CCN(CC1)C2=Nc3cc(ccc3Nc4c2cccc4)Cl,326.831,3.7227000000000023,4,1,4,30.869999999999997
218,VUF4656,c1cc(c(cc1CN=C(N)SCCCc2c[nH]cn2)Cl)Cl,343.2829999999999,3.8972000000000016,3,2,2,67.06
219,MK-0354,C1Cc2c([nH]nc2c3n[nH]nn3)C1,176.183,0.07849999999999968,4,2,3,83.14
220,ADX68692,CC(C)(C#N)c1ccc(cc1c2cccnc2)NC(=O)c3ccc(c(c3)OC)OC,401.46600000000024,4.8192800000000044,5,1,3,84.24000000000001
221,ADX68693,CCc1cc(ccc1C(C)(C)C#N)NC(=O)c2ccc(c(c2)OC)OC,352.43400000000014,4.3196800000000035,4,1,2,71.35000000000001
222,LPA (18:2),CCCCCC=CCC=CCCCCCCCC(=O)OC[C@H](COP(=O)(O)O)OO,450.50900000000007,5.310600000000006,6,3,0,122.52000000000001
223,LPA (C18:1),CCCCCCCCC=CCCCCCCCC(=O)OC[C@H](COP(=O)(O)O)OO,452.5250000000001,5.534600000000007,6,3,0,122.52000000000001
224,LPA (17:0),CCCCCCCCCCCCCCCCC(=O)OC[C@H](COP(=O)(O)O)OO,440.51400000000007,5.368500000000006,6,3,0,122.52000000000001
225,LPA (16:0),CCCCCCCCCCCCCCCC(=O)OC[C@H](COP(=O)(O)O)OO,426.4870000000001,4.978400000000006,6,3,0,122.52000000000001
226,VU0357017,CCOC(=O)N1CCC(CC1)NCCNC(=O)c2ccccc2C,333.432,1.9353199999999997,4,2,2,70.67
227,VU0364572,CCOC(=O)N1CCC(CC1)N2CCC[C@H](C2)NC(=O)c3ccccc3C,373.49700000000007,2.8101200000000004,4,1,3,61.88
228,Cevimeline,CC1O[C@]2(CN3CCC2CC3)CS1,199.31899999999996,1.5602,3,0,4,12.47
229,Pilocarpine,CC[C@H]1[C@H](COC1=O)Cc2cncn2C,208.26100000000002,1.1618000000000002,4,0,2,44.12
230,TBPB,Cc1ccccc1CN2CCC(CC2)N3CCC(CC3)n4c5ccccc5[nH]c4=O,404.5580000000001,3.9395200000000026,4,1,5,44.269999999999996
231,77-LH-28-1,CCCCC1CCN(CC1)CCCN2c3ccccc3CCC2=O,328.5000000000001,4.258100000000004,2,0,3,23.55
232,AC-42,CCCCC1CCN(CC1)CCCC(=O)c2ccccc2C,301.474,4.860120000000005,2,0,2,20.310000000000002
233,Iper-8-naph,CC(C)(CN1C(=O)c2cccc3c2c(ccc3)C1=O)C[N+](C)(C)CCCCCCCC[N+](C)(C)CC#CCOC4=NOCC4,604.8360000000004,5.709200000000006,5,0,4,68.2
234,Iper-6-naph,CC(C)(CN1C(=O)c2cccc3c2c(ccc3)C1=O)C[N+](C)(C)CCCCCC[N+](C)(C)CC#CCOC4=NOCC4,576.7820000000004,4.929000000000005,5,0,4,68.2
235,Iper6,C[N+](C)(C)CCCCCCCC[N+](C)(C)CC#CCOC1=NOCC1,353.5510000000001,2.8634000000000013,3,0,1,30.82
236,Iper-6-phth,C[N+](C)(CCCCCC[N+](C)(C)CC#CCOC1=NOCC1)CCCN2C(=O)c3ccccc3C2=O,498.66800000000035,3.139700000000002,5,0,3,68.2
237,Iper-8-phth,C[N+](C)(CCCCCCCC[N+](C)(C)CC#CCOC1=NOCC1)CCCN2C(=O)c3ccccc3C2=O,526.7220000000003,3.9199000000000037,5,0,3,68.2
238,McN-A343,C[N+](C)(C)CC#CCOC(=O)Nc1cccc(c1)Cl,281.76300000000003,2.5981000000000005,2,1,1,38.33
239,"2-(2,3-Dihydrobenzofuran-6-yl)-N,N,N-trimethylethan-1-aminium",C[N+](C)(C)CCc1ccc2c(c1)OCC2,206.30899999999994,1.8702,1,0,2,9.23
240,"2-(3-Methoxyphenyl)-N,N,N-trimethylethan-1-aminium",C[N+](C)(C)CCc1cccc(c1)OC,194.29799999999997,1.9439,1,0,1,9.23
241,Arecoline,CN1CCC=C(C1)C(=O)OC,155.19699999999997,0.4213,3,0,1,29.540000000000003
242,N-Desmethylclozapine,c1ccc2=Nc3ccc(cc3NC(=c2c1)N4CCNCC4)Cl,312.8040000000001,1.6876999999999998,4,2,4,39.660000000000004
243,Atropine,CN1[C@H]2CC[C@@H]1C[C@@H](C2)OC(=O)C(CO)c3ccccc3,289.375,1.9309,4,1,3,49.769999999999996
244,N-methylscopolamine,C[N+]1([C@H]2CC(C[C@@H]1[C@@H]3[C@H]2O3)OC(=O)[C@H](CO)c4ccccc4)C,318.393,1.0626999999999995,4,1,4,59.06
245,Pirenzepine,CN1CCN(CC1)CC(=O)n1c2ccccc2c(=O)[nH]c2c1nccc2,351.4100000000001,1.559399999999999,5,1,4,68.78
246,AP-1189,c1ccc(c(c1)n2cccc2/C=C/C=N/NC(=N)N)[N+](=O)[O-],298.30600000000004,1.8675699999999993,5,3,2,122.33000000000001
247,BMS 470539,CCCC(=O)C1(CCN(CC1)C(=O)[C@@H](Cc2ccc(cc2)OC)NC(=O)[C@H](Cc3cncn3C)N)c4ccccc4,559.7110000000002,2.9556000000000013,7,2,4,119.55
248,[D-Trp8]-αMSH,CC(C)[C@@H](C(=O)N[C@@H](CCSC)C(=O)NCC(=O)N[C@@H](Cc1c[nH]cn1)C(=O)N[C@@H](Cc2ccccc2)C(=O)N[C@@H](CCCNC(=N)N)C(=O)N[C@H](Cc3c[nH]c4c3cccc4)C(=O)N[C@@H](CC(=O)O)C(=O)N[C@@H](CCCNC(=N)N)C(=O)N[C@@H](Cc5ccccc5)C(=O)NCC(=O)O)NC(=O)[C@H](Cc6ccc(cc6)O)N,1570.8040000000008,-2.4722600000000265,19,23,6,609.2199999999999
249,NDP,CCCC[C@@H](C(=O)N[C@@H](CCC(=O)O)C(=O)N[C@@H](Cc1c[nH]cn1)C(=O)N[C@@H](Cc2ccccc2)C(=O)N[C@@H](CCCNC(=N)N)C(=O)N[C@@H](Cc3c[nH]c4c3cccc4)C(=O)NCC(=O)N[C@@H](CCCCN)C(=O)N5CCC[C@H]5C(=O)N[C@@H](C(C)C)C(=O)N)NC(=O)[C@H](CO)NC(=O)[C@H](Cc6ccc(cc6)O)NC(=O)[C@H],1557.7799999999997,-2.885640000000013,19,21,6,593.6499999999999
250,LPI805,c1ccc(cc1)CN(Cc2ccc3ccccc3c2)C#N,272.35100000000006,4.323080000000004,2,0,3,27.03
251,Buprenorphine,CC(C)(C)[C@](C)([C@H]1C[C@@]23CC[C@@]1([C@H]4[C@@]25CCN([C@@H]3Cc6c5c(c(cc6)O)O4)CC7CC7)OC)O,467.65000000000026,4.413800000000005,5,2,8,62.16000000000001
252,MCOPPB,CC1(CCCCCCC1)N2CCC(CC2)n3c4ccccc4nc3C5CCCNC5,408.6340000000002,5.6432000000000055,4,1,5,33.09
253,NNC 63-0532,COC(=O)CN1CN(C2(C1=O)CCN(CC2)Cc3ccc4ccccc4c3)c5ccccc5,443.5470000000001,3.6537000000000015,5,0,5,53.09
254,RTI-4229-819,Cn1c2ccccc2n(c1=O)[C@@H]3CCN(C[C@H]3CO)CC4CCCC5C4CCCC5,411.5900000000003,3.8018000000000027,5,1,5,50.400000000000006
255,RTI-4229-856,CC(C)C1CCC(CC1)N2CC[C@H]([C@@H](C2)CO)n3c4ccccc4n(c3=O)C,385.5520000000001,3.4101000000000026,5,1,4,50.4
256,Ro 65-6570,c1ccc(cc1)N2CNC(=O)C23CCN(CC3)[C@@H]4Cc5cccc6c5c4ccc6,383.49500000000006,3.8655000000000026,3,1,6,35.580000000000005
257,Ro 2q,CC(C)C1CCC(CC1)N2CCC3(CC2)C(=O)NCN3c4ccccc4,355.526,3.6297000000000024,3,1,4,35.580000000000005
258,SCH-221510,Cc1ccccc1C(c2ccccc2C)N3C4CCC3CC(C4)(c5ccccc5)O,397.5620000000001,5.907440000000007,2,1,5,23.47
259,AT-202,c1ccc2c(c1)CC(=O)N2C3CCN(CC3)C4CCC5CCCc6c5c4ccc6,386.53900000000016,4.995100000000005,2,0,6,23.550000000000004
260,SCH-486757,c1ccc(c(c1)C(c2ccccc2Cl)N3[C@H]4CC[C@@H]3CC(C4)(c5ncccn5)O)Cl,440.37400000000014,5.387400000000006,4,1,5,49.25
261,ML314,COc1ccccc1N2CCN(CC2)c3c4cc(c(cc4nc(n3)C5CC5)OC)OC,420.51300000000015,3.859600000000003,7,0,5,59.95
262,Gue1654,CSc1nc2ccc3c(c2s1)sc(n3)NC(=O)C(c4ccccc4)c5ccccc5,447.6100000000001,6.398500000000004,6,1,5,54.88
263,GB88,CC[C@@H](C)[C@@H](C(=O)N1CCC2(CC1)C=Cc3c2cccc3)NC(=O)[C@H](CC4CCCCC4)NC(=O)c5ccno5,546.7120000000003,4.861500000000004,5,2,5,104.54
264,ML290,CC(C)Oc1ccccc1C(=O)Nc2ccccc2C(=O)Nc3cccc(c3)S(=O)(=O)C(F)(F)F,506.5020000000001,5.271900000000003,5,2,3,101.57
265,BMS 986104,CCCCCC[C@@H]1CCc2cc(ccc2C1)[C@H]3CC[C@@](C3)(CO)N,329.52800000000013,4.719200000000004,2,2,3,46.25
266,MCF14,Cc1ccn(n1)c2ccc(c(c2)Cl)C(=O)N3CCCCc4c3cccc4,365.86400000000015,4.817220000000004,3,0,4,38.13
267,Satavaptan,CCOc1ccc2c(c1)[C@]3(CC[C@@H](CC3)OCCN4CCOCC4)C(=O)N2S(=O)(=O)c5ccc(cc5OC)C(=O)NC(C)(C)C,643.8030000000001,3.8869000000000025,9,1,5,123.71000000000001
268,MCF18,Cc1ccn(n1)c2ccc(c(c2)Cl)C(=O)N3Cc4cccn4Cc5c3cccc5,402.8850000000001,4.844320000000004,4,0,5,43.06
269,MCF57,Cc1ccn(n1)c2ccc(c(c2)Cl)C(=O)N3CCCC(c4c3cccc4)O,381.8630000000001,4.308120000000005,4,1,4,58.36
270,Isoproterenol,CC(C)(C)C(C(C)(C)C)NC[C@H](c1ccc(c(c1)O)O)O,295.423,3.1816000000000026,4,4,1,72.72
271,A 61603,CS(=O)(=O)Nc1c(ccc2c1CCCC2C3=NCCN3)O,309.391,1.1852999999999996,5,3,3,90.79
272,Phenylephrine,CNC[C@@H](c1cccc(c1)O)O,167.208,0.6449999999999998,3,3,1,52.489999999999995
273,Methoxamine,CC(C(c1cc(ccc1OC)OC)O)N,211.26099999999997,1.0843999999999998,4,2,1,64.71
274,Oxymetazoline,Cc1cc(c(c(c1CC2=NCCN2)C)O)C(C)(C)C,260.381,2.850740000000001,3,2,2,44.620000000000005
275,Cirazoline,c1ccc(c(c1)C2CC2)OCC3=NCCN3,216.28399999999996,1.9444999999999997,3,1,3,33.62
276,Amitriptyline,CN(C)CCC=C1c2ccccc2CCc3c1cccc3,277.41099999999994,4.168600000000003,1,0,3,3.24
277,Imipramine,CN(C)CCCN1c2ccccc2CCc3c1cccc3,280.41499999999996,3.8750000000000036,2,0,3,6.48
278,Desipramine,CNCCCN1c2ccccc2CCc3c1cccc3,266.388,3.5328000000000026,2,1,3,15.27
279,Clonidine,c1cc(c(c(c1)Cl)NC2=NCCN2)Cl,230.09799999999998,2.3644999999999996,3,2,2,36.42
280,Guanabenz,c1cc(c(c(c1)Cl)/C=N/N=C(N)N)Cl,231.08599999999996,1.6006999999999998,2,2,1,76.75999999999999
281,Moxonidine,Cc1nc(c(c(n1)Cl)NC2=NCCN2)OC,241.682,0.8181199999999997,6,2,2,71.43
282,"UK14,304",c1cc(c(c2c1nccn2)Br)NC3=NCCN3,292.14000000000004,1.7633999999999994,5,2,3,62.2
283,Propranolol,CC(C)NCC(COc1cccc2c1cccc2)O,259.349,2.577500000000001,3,2,2,41.489999999999995
284,Bucindolol,CC(C)(Cc1c[nH]c2c1cccc2)NCC(COc3ccccc3C#N)O,363.46100000000007,3.390180000000002,4,3,3,81.07
285,Carvedilol,COc1ccccc1OCCNCC(COc2cccc3c2c4ccccc4[nH]3)O,406.482,3.7380000000000018,5,3,4,75.74
286,Alprenolol,CC(C)NCC(COc1ccccc1CC=C)O,249.35399999999998,2.1528000000000005,3,2,1,41.489999999999995
287,Metoprolol,CC(C)NCC(COc1ccc(cc1)CCOC)O,267.36899999999997,1.6131999999999997,4,2,1,50.72
288,Landiolol,CC1(OC[C@H](O1)COC(=O)CCc2ccc(cc2)OC[C@H](CNCCNC(=O)N3CCOCC3)O)C,509.6000000000004,0.6850000000000025,9,3,3,127.82000000000001
289,Esmolol,CC(C)NCC(COc1ccc(cc1)CCC(=O)OC)O,295.379,1.5298999999999998,5,2,1,67.79
290,Xamoterol,c1cc(ccc1O)OCC(CNCCNC(=O)N2CCOCC2)O,339.39200000000017,-0.23669999999999897,6,4,2,103.29
291,STD-101-D5,c1cc(ccc1O)OC[C@H](CNCCNC(=O)N2CC(C2)O)O,325.36500000000007,-0.892399999999999,6,5,2,114.29
292,STD-101-D6,c1cc(ccc1O)OC[C@H](CNCCNC(=O)N2CC(C2)CO)O,339.3920000000001,-0.644799999999999,6,5,2,114.29
293,"ICI118,551",Cc1ccc(c2c1CCC2)OCC(C(C)NC(C)C)O,277.408,2.609920000000001,3,2,2,41.489999999999995
294,Salbutamol,CC(C)(C)NCC(c1ccc(c(c1)CO)O)O,239.315,1.3059999999999996,4,4,1,72.72
295,Salmeterol,c1ccc(cc1)CCCCOCCCCCCNCC(c2ccc(c(c2)CO)O)O,415.57400000000007,4.1074000000000055,5,4,2,81.95
296,Isoetarine,CCC(C(c1ccc(c(c1)O)O)O)NC(C)C,239.31500000000003,1.9077999999999997,4,4,1,72.72
297,Ethylnorepinephrine,CCC(C(c1ccc(c(c1)O)O)O)N,197.234,0.8685,4,4,1,86.71
298,N-Cyclopentylbutanephrine,CCC(C(c1ccc(c(c1)O)O)O)NC2CCCC2,265.353,2.442,4,4,2,72.72
299,Nebivolol,c1cc2c(cc1F)CCC(O2)C(CNCC(C3CCc4cc(ccc4O3)F)O)O,405.44100000000014,2.363600000000001,5,3,4,70.95
300,Clenbuterol,CC(C)(C)NCC(c1cc(c(c(c1)Cl)N)Cl)O,277.195,2.997100000000001,3,3,1,58.28
301,Procaterol,CCC(C(c1ccc(c2c1ccc(=O)[nH]2)O)O)NC(C)C,290.36300000000006,2.0437,4,4,2,85.35000000000001
302,Cimaterol,CC(C)NCC(c1ccc(c(c1)C#N)N)O,219.28799999999998,1.1718799999999998,4,3,1,82.07000000000001
303,Terbutaline,CC(C)(C)NCC(c1cc(cc(c1)O)O)O,225.288,1.5192999999999999,4,4,1,72.72
304,Formoterol,CC(Cc1ccc(cc1)OC)NCC(c2ccc(c(c2)NC=O)O)O,344.411,2.2233,5,4,2,90.82000000000001
305,Pindolol,CC(C)NCC(COc1cccc2c1cc[nH]2)O,248.32600000000002,1.9055999999999997,3,3,2,57.28
306,"(R,R)-4-methoxy-fenoterol",C[C@H](Cc1ccc(cc1)OC)NC[C@@H](c2cc(cc(c2)O)O)O,317.385,2.360600000000001,5,4,2,81.95
307,"(S,R)-Fenoterol",C[C@H](Cc1ccc(cc1)O)NC[C@H](c2cc(cc(c2)O)O)O,303.358,2.0576000000000003,5,5,2,92.95
308,"(R,S)-4-methoxy-naphtyl-fenoterol",C[C@@H](Cc1ccc(c2c1cccc2)OC)NC[C@@H](c3cc(cc(c3)O)O)O,367.44500000000005,3.5138000000000034,5,4,3,81.95
309,"(R,R)-4-methoxy-naphtyl-fenoterol",C[C@H](Cc1ccc(c2c1cccc2)OC)NC[C@@H](c3cc(cc(c3)O)O)O,367.44500000000005,3.5138000000000034,5,4,3,81.95
310,"(R,S)-Fenoterol",C[C@@H](Cc1ccc(cc1)O)NC[C@@H](c2cc(cc(c2)O)O)O,303.358,2.0576000000000003,5,5,2,92.95
311,"(S,S)-Fenoterol",C[C@@H](Cc1ccc(cc1)O)NC[C@H](c2cc(cc(c2)O)O)O,303.358,2.0576000000000003,5,5,2,92.95
312,"(R,S)-4-methoxy-fenoterol",C[C@@H](Cc1ccc(cc1)OC)NC[C@@H](c2cc(cc(c2)O)O)O,317.385,2.360600000000001,5,4,2,81.95
313,"(S,R)-4-methoxy-fenoterol",C[C@H](Cc1ccc(cc1)OC)NC[C@H](c2cc(cc(c2)O)O)O,317.385,2.360600000000001,5,4,2,81.95
314,"(S,S)-4-methoxy-fenoterol",C[C@@H](Cc1ccc(cc1)OC)NC[C@H](c2cc(cc(c2)O)O)O,317.385,2.360600000000001,5,4,2,81.95
315,"(S,R)-4-methoxy-naphtyl-fenoterol",C[C@H](Cc1ccc(c2c1cccc2)OC)NC[C@H](c3cc(cc(c3)O)O)O,367.44500000000005,3.5138000000000034,5,4,3,81.95
316,"(S,S)-4-methoxy-naphtyl-fenoterol",C[C@@H](Cc1ccc(c2c1cccc2)OC)NC[C@H](c3cc(cc(c3)O)O)O,367.44500000000005,3.5138000000000034,5,4,3,81.95
317,BI-167107,Cc1ccccc1CC(C)(C)NCC(c2ccc(c3c2OCC(=O)N3)O)O,370.4490000000001,2.6758200000000016,5,4,3,90.82000000000001
318,Hydroxybenzylisoproterenol,CC(Cc1ccccc1)(CO)NCC(c2ccc(c(c2)O)O)O,317.385,1.7145000000000006,5,5,2,92.95
319,"[(2S)-2-(3,4-dihydroxyphenyl)-2-hydroxy-ethyl]-[(1R)-2-(4-hydroxyphenyl)-1-methyl-ethyl]ammonium",C[C@H](Cc1ccc(cc1)O)[NH2+]C[C@H](c2ccc(c(c2)O)O)O,304.366,1.0313999999999997,4,5,2,97.53000000000002
320,Protokylol,CC(Cc1ccc2c(c1)OCO2)NCC(c3ccc(c(c3)O)O)O,331.368,2.0807000000000007,6,4,3,91.18
322,Rubiscolin-5,CC(C)C[C@@H](C(=O)N[C@@H](CC(=O)O)C(=O)N[C@@H](CC(C)C)C(=O)O)NC(=O)[C@@H]1CCCN1C(=O)[C@H](Cc2ccc(cc2)O)N,619.7160000000002,0.3589000000000084,8,7,2,228.45999999999998
323,Rubiscolin-6,CC(C)C[C@@H](C(=O)N[C@@H](CC(=O)O)C(=O)N[C@@H](CC(C)C)C(=O)N[C@@H](Cc1ccccc1)C(=O)O)NC(=O)[C@@H]2CCCN2C(=O)[C@H](Cc3ccc(cc3)O)N,766.8929999999998,1.0864000000000096,9,8,3,257.55999999999995
324,SNC-80,CCN(CC)C(=O)c1ccc(cc1)[C@H](c2cccc(c2)OC)N3C[C@H](N(C[C@@H]3C)CC=C)C,449.6390000000003,4.847200000000004,4,0,3,36.02
325,UFP-512,Cc1cc(cc(c1C[C@@H](C(=O)N2Cc3ccccc3C[C@H]2C(=O)N[C@@H](CC(=O)O)c4[nH]c5ccccc5n4)N)C)O,555.6350000000002,3.0408400000000007,6,5,5,161.64
326,BMS 986187,Cc1ccccc1COc2ccc(cc2)C3C4=C(CC(CC4=O)(C)C)OC5=C3C(=O)CC(C5)(C)C,470.60900000000044,6.974220000000006,4,0,5,52.6
327,12-epi-Salvinorin A,CC(=O)O[C@H]1C[C@H]([C@@]2(CC[C@H]3C(=O)O[C@H](C[C@@]3([C@H]2C1=O)C)c4ccoc4)C)C(=O)OC,432.4690000000002,3.0001000000000015,8,0,4,109.11000000000003
328,Etorphine,CCCC(C)(C1CC23C=CC1(C4C25CCN(C3Cc6c5c(c(cc6)O)O4)C)OC)O,411.54200000000014,3.163600000000002,5,2,7,62.16000000000001
329,Levorphanol,CN1CC[C@]23CCCC[C@H]2[C@H]1Cc4c3cc(cc4)O,257.377,3.0804000000000022,2,1,4,23.47
330,Nalbuphine,c1cc(c2c3c1C[C@@H]4[C@]5([C@]3(CCN4CC6CCC6)[C@@H](O2)[C@H](CC5)O)O)O,357.45000000000005,1.7073000000000005,5,3,6,73.16000000000001
331,Salvinorin A,CC(=O)O[C@H]1C[C@H]([C@@]2(CC[C@H]3C(=O)O[C@@H](C[C@@]3([C@H]2C1=O)C)c4ccoc4)C)C(=O)OC,432.4690000000002,3.0001000000000015,8,0,4,109.11000000000003
332,Tifluadom,CN1c2ccccc2C(=NCC1CNC(=O)c3ccsc3)c4ccccc4F,393.487,3.9730000000000034,4,1,4,44.7
333,Noribogaine,CC[C@H]1C[C@@H]2C[C@@H]3[C@H]1N(C2)CCc4c3[nH]c5c4cc(cc5)O,296.41399999999993,3.6336000000000026,2,2,6,39.260000000000005
334,"2-(5-((2-Chloro-5-(trifluoromethyl)benzyl)thio)-4-(furan-2-yl-methyl)-4H-1,2,4-triazol-3-yl)pyridine",c1ccnc(c1)c2nnc(n2Cc3ccco3)SCc4cc(ccc4Cl)C(F)(F)F,450.87300000000016,5.945900000000003,6,0,4,56.74
335,"2-(5-((2-Chloro-5-(trifluoromethyl)benzyl)thio)-4-(thiophen-2-ylmethyl)-4H-1,2,4-triazol-3-yl)pyridine",c1ccnc(c1)c2nnc(n2Cc3cccs3)SCc4cc(ccc4Cl)C(F)(F)F,466.94100000000014,6.414400000000004,6,0,4,43.6
336,"2-(5-((2-Chloro-5-(trifluoromethyl)benzyl)thio)-4-(pyridin-3-ylmethyl)-4H-1,2,4-triazol-3-yl)pyridine",c1ccnc(c1)c2nnc(n2Cc3cccnc3)SCc4cc(ccc4Cl)C(F)(F)F,461.9000000000001,5.747900000000003,6,0,4,56.49
337,"2-(5-((4-Iodobenzyl)thio)-4-(furan-2-ylmethyl)-4H-1,2,4-triazol-3-yl)pyridine",c1ccnc(c1)c2nnc(n2Cc3ccco3)SCc4ccc(cc4)I,474.3270000000001,4.878300000000002,6,0,4,56.74
338,"2-(5-((4-Iodobenzyl)thio)-4-(thiophen-2-ylmethyl)-4H-1,2,4-triazol-3-yl)pyridine",c1ccnc(c1)c2nnc(n2Cc3cccs3)SCc4ccc(cc4)I,490.3950000000001,5.3468000000000035,6,0,4,43.6
339,"2-(5-((4-Iodobenzyl)thio)-4-(pyridin-3-ylmethyl)-4H-1,2,4-tri-azol-3-yl)pyridine",c1ccnc(c1)c2nnc(n2Cc3cccnc3)SCc4ccc(cc4)I,485.3540000000001,4.680300000000003,6,0,4,56.49
340,"2-(5-((4-Bromobenzyl)thio)-4-(furan-2-ylmethyl)-4H-1,2,4-tri-azol-3-yl)pyridine",c1ccnc(c1)c2nnc(n2Cc3ccco3)SCc4ccc(cc4)Br,427.3270000000001,5.036200000000003,6,0,4,56.74
341,"2-(5-((4-Bromobenzyl)thio)-4-(pyridin-3-ylmethyl)-4H-1,2,4-triazol-3-yl)pyridine",c1ccnc(c1)c2nnc(n2Cc3cccnc3)SCc4ccc(cc4)Br,438.3540000000001,4.838200000000003,6,0,4,56.49
342,"2-(5-((4-Bromobenzyl)thio)-4-(thiophen-2-ylmethyl)-4H-1,2,4-triazol-3-yl)pyridine",c1ccnc(c1)c2nnc(n2Cc3cccs3)SCc4ccc(cc4)Br,443.3950000000001,5.504700000000003,6,0,4,43.6
343,6-GNTI,c1cc2c(cc1N=C(N)N)[nH]c3c2C[C@]4(C5Cc6ccc(c7c6[C@]4([C@H]3O7)CCN5CC8CC8)O)O,471.5610000000003,2.477500000000001,5,5,8,133.12
344,HS665,c1ccc(cc1)CCN(CCc2cccc(c2)O)CC3CCC3,309.4530000000001,4.279500000000003,2,1,3,23.47
345,HS666,c1ccc(cc1)CCN(CCc2cccc(c2)O)CC3CCCC3,323.48000000000013,4.669600000000004,2,1,3,23.47
346,Nalmefene,C=C1CC[C@]2([C@H]3Cc4ccc(c5c4[C@]2([C@H]1O5)CCN3CC6CC6)O)O,339.43500000000006,2.512500000000002,4,2,6,52.93000000000001
347,RB-64,C[C@@]12CC[C@H]3C(=O)O[C@@H](C[C@@]3([C@H]1C(=O)[C@H](C[C@H]2C(=O)OC)OC(=O)CSC#N)C)c4ccoc4,489.5460000000003,3.1944800000000013,10,0,4,132.89999999999998
348,"2-(4-(furan-2-ylmethyl)-5-((4-methyl-3-(trifluoromethyl)benzyl)thio)-4H-1,2,4-triazol-3-yl)pyridine",Cc1ccc(cc1C(F)(F)F)CSc2nnc(n2Cc3ccco3)c4ccccn4,430.45500000000015,5.600920000000004,6,0,4,56.74
349,"2-(5-((4-chloro-3-(trifluoromethyl)benzyl)thio)-4-((5-methylfuran-2-yl)methyl)-4H-1,2,4-triazol-3-yl)pyridine",Cc1ccc(o1)Cn2c(nnc2SCc3ccc(c(c3)C(F)(F)F)Cl)c4ccccn4,464.9000000000001,6.254320000000003,6,0,4,56.74
350,"2-(5-((4-Methyl-3-(trifluoromethyl)benzyl)thio)-4-(thiophen-2-ylmethyl)-4H-1,2,4-triazol-3-yl)pyridine",Cc1ccc(cc1C(F)(F)F)CSc2nnc(n2Cc3cccs3)c4ccccn4,446.52300000000014,6.069420000000004,6,0,4,43.6
351,"2-(5-((4-Methyl-3-(trifluoromethyl)benzyl)thio)-4-((5-methylfuran-2-yl)methyl)-4H-1,2,4-triazol-3-yl)pyridine",Cc1ccc(cc1C(F)(F)F)CSc2nnc(n2Cc3ccc(o3)C)c4ccccn4,444.4820000000002,5.909340000000004,6,0,4,56.74
352,"2-(5-((4-Chloro-3-(trifluoromethyl)benzyl)thio)-4-(thiophen-2-ylmethyl)-4H-1,2,4-triazol-3-yl)pyridine",c1ccnc(c1)c2nnc(n2Cc3cccs3)SCc4ccc(c(c4)C(F)(F)F)Cl,466.94100000000014,6.414400000000003,6,0,4,43.6
353,2-(2-Fluorobenzyl)-N-(4-methyl-3-(trifluoromethyl)phenyl)-1-oxo-octahydroisoquinoline-8-carboxamide,Cc1ccc(cc1C(F)(F)F)NC(=O)C2CCCC3C2C(=O)N(CC3)Cc4ccccc4F,462.48700000000025,5.556420000000005,2,1,4,49.410000000000004
354,N-(4-Bromo-3-(trifluoromethyl)phenyl)-1-oxo-2-phenyl-octahydroisoquinoline-8-Carboxamide,c1ccc(cc1)N2CCC3CCCC(C3C2=O)C(=O)Nc4ccc(c(c4)C(F)(F)F)Br,495.33900000000006,5.8758000000000035,2,1,4,49.410000000000004
355,2-[({2-[4-(4-Methylphenyl)oxan-4-yl]ethyl}amino)methyl]phenol,Cc1ccc(cc1)C2(CCOCC2)CCNCc3ccccc3O,325.45199999999994,3.9287200000000033,3,2,3,41.489999999999995
356,"2-[({2-[4-(4-Fluorophenyl)-2,2-dimethyloxan-4-yl]ethyl}amino)-methyl]phenol",CC1(CC(CCO1)(CCNCc2ccccc2O)c3ccc(cc3)F)C,357.4690000000001,4.538000000000004,3,2,3,41.489999999999995
357,{2-[(9R)-9-(4-Fluorophenyl)-6-oxaspiro[4.5]decan-9-yl]ethyl}-[(1S)-1-phenylethyl]amine,C[C@@H](c1ccccc1)NCC[C@]2(CCOC3(C2)CCCC3)c4ccc(cc4)F,381.5350000000001,5.927600000000006,2,1,4,21.259999999999998
358,{2-[(9R)-9-(4-Fluorophenyl)-6-oxaspiro[4.5]decan-9-yl]ethyl}-[(1R)-1-phenylethyl]amine,C[C@H](c1ccccc1)NCC[C@]2(CCOC3(C2)CCCC3)c4ccc(cc4)F,381.5350000000001,5.927600000000006,2,1,4,21.259999999999998
359,{2-[(9R)-9-(4-Fluorophenyl)-6-oxaspiro[4.5]decan-9-yl]ethyl}(2-phenylpropan-2-yl)amine,CC(C)(c1ccccc1)NCC[C@]2(CCOC3(C2)CCCC3)c4ccc(cc4)F,395.5620000000001,6.101700000000006,2,1,4,21.259999999999998
360,[(2-Chlorophenyl)methyl]({2-[(9R)-9-(pyridin-2-yl)-6-oxaspiro-[4.5]decan-9-yl]ethyl})amine,c1ccc(c(c1)CNCC[C@]2(CCOC3(C2)CCCC3)c4ccccn4)Cl,384.951,5.2759000000000045,3,1,4,34.15
361,{2-[(9R)-9-(Pyridin-2-yl)-6-oxaspiro[4.5]decan-9-yl]ethyl}(pyridin-2-ylmethyl)amine,c1ccnc(c1)CNCC[C@]2(CCOC3(C2)CCCC3)c4ccccn4,351.494,4.017500000000004,4,1,4,47.040000000000006
362,{2-[(9R)-9-(Pyridin-2-yl)-6-oxaspiro[4.5]decan-9-yl]ethyl}(pyridin-3-ylmethyl)amine,c1ccnc(c1)[C@@]2(CCOC3(C2)CCCC3)CCNCc4cccnc4,351.49399999999997,4.017500000000003,4,1,4,47.04
363,{2-[(9R)-9-(Pyridin-2-yl)-6-oxaspiro[4.5]decan-9-yl]ethyl}(pyridin-4-ylmethyl)amine,c1ccnc(c1)[C@@]2(CCOC3(C2)CCCC3)CCNCc4ccncc4,351.49399999999997,4.017500000000003,4,1,4,47.04
364,(Pyrazin-2-ylmethyl)({2-[(9R)-9-(pyridin-2-yl)-6-oxaspiro[4.5]-decan-9-yl]ethyl})amine,c1ccnc(c1)[C@@]2(CCOC3(C2)CCCC3)CCNCc4cnccn4,352.48199999999997,3.4125000000000014,5,1,4,59.93
365,(Cyclopentylmethyl)({2-[(9R)-9-(pyridin-2-yl)-6-oxaspiro[4.5]-decan-9-yl]ethyl})amine,c1ccnc(c1)[C@@]2(CCOC3(C2)CCCC3)CCNCC4CCCC4,342.5270000000001,4.612500000000004,3,1,4,34.15
366,[(3-Methylthiophen-2-yl)methyl]({2-[(9R)-9-(pyridin-2-yl)-6-oxaspiro[4.5]decan-9-yl]ethyl}) amine,Cc1ccsc1CC(C[C@]2(CCOC3(C2)CCCC3)c4ccccn4)N,370.56200000000007,4.772620000000003,4,1,4,48.14
367,[(5-Methylthiophen-2-yl)methyl]({2-[(9R)-9-(pyridin-2-yl)-6-oxaspiro[4.5]decan-9-yl]ethyl}) amine,Cc1ccc(s1)CC(C[C@]2(CCOC3(C2)CCCC3)c4ccccn4)N,370.56200000000007,4.772620000000003,4,1,4,48.14
368,Oliceridine,COc1ccsc1CNCC[C@]2(CCOC3(C2)CCCC3)c4ccccn4,386.56100000000015,4.692600000000004,5,1,4,43.379999999999995
369,Normorphine,c1cc(c2c3c1C[C@@H]4[C@H]5[C@]3(CCN4)[C@@H](O2)[C@H](C=C5)O)O,271.316,0.8558999999999997,4,3,5,61.72
370,6-acetylmorphine,CC(=O)O[C@H]1C=C[C@H]2[C@H]3Cc4ccc(c5c4[C@]2([C@H]1O5)CCN3C)O,327.38000000000005,1.7689,5,1,5,59.0
371,Morphine-6-glucuronide,CN1CC[C@]23c4c5ccc(c4O[C@H]2[C@H](C=C[C@H]3[C@H]1C5)O[C@H]6[C@@H]([C@H]([C@@H]([C@H](O6)C(=O)O)O)O)O)O,461.4670000000001,-0.8853999999999986,9,5,6,149.15
372,Dmt-c[ D -Lys-Phe-Asp]NH 2,Cc1cc(cc(c1CC(C(=O)NC2CCCCNC(=O)CC(NC(=O)C(NC2=O)Cc3ccccc3)C(=O)N)N)C)O,580.686,-0.2485599999999949,7,7,3,205.74
373,Herkinorin,C[C@@]12CC[C@H]3C(=O)O[C@@H](C[C@@]3([C@H]1C(=O)[C@H](C[C@H]2C(=O)OC)OC(=O)c4ccccc4)C)c5ccoc5,494.54000000000025,4.294000000000004,8,0,5,109.11
374,1-(1-(4-Bromo-2-fluorobenzyl)piperidin-4-yl)-1H-benzo[d]imidazol-2(3H)-one,c1ccc2c(c1)[nH]c(=O)n2C3CCN(CC3)Cc4ccc(cc4F)Br,404.28299999999996,4.068300000000003,3,1,4,41.03
375,1-(1-(1-(4-Bromo-2-fluorophenyl)ethyl)piperidin-4-yl)-1H-benzo[d]imidazol-2(3H)-one,CC(c1ccc(cc1F)Br)N2CCC(CC2)n3c4ccccc4[nH]c3=O,418.3100000000002,4.629300000000004,3,1,4,41.03
376,5-Chloro-1-(1-(4-bromo-2-fluorobenzyl)piperidin-4-yl)-1H-benzo[d]imidazol-2(3H)-one,c1cc2c(cc1Cl)[nH]c(=O)n2C3CCN(CC3)Cc4ccc(cc4F)Br,438.72800000000007,4.721700000000003,3,1,4,41.03
377,"4,6-Dichloro-1-(1-(4-bromo-2-fluorobenzyl)piperidin-4-yl)-1H-benzo[d]imidazol-2(3H)-one",c1cc(c(cc1Br)F)CN2CCC(CC2)n3c4cc(cc(c4[nH]c3=O)Cl)Cl,473.1730000000001,5.375100000000003,3,1,4,41.03
378,"5,6-Dichloro-1-(1-(4-bromo-2-fluorobenzyl)piperidin-4-yl)-1H-benzo[d]imidazol-2(3H)-one",c1cc(c(cc1Br)F)CN2CCC(CC2)n3c4cc(c(cc4[nH]c3=O)Cl)Cl,473.1730000000001,5.375100000000003,3,1,4,41.03
379,"4,5,7-Trichloro-1-(1-(4-bromo-2-fluorobenzyl)piperidin-4-yl)-1H-benzo[d]imidazol-2(3H)-one",c1cc(c(cc1Br)F)CN2CCC(CC2)n3c4c(cc(c(c4[nH]c3=O)Cl)Cl)Cl,507.61800000000005,6.028500000000004,3,1,4,41.03
380,"5,6-Dichloro-1-(1-(4-bromobenzyl)piperidin-4-yl)-1H-benzo[d]imidazol-2(3H)-one",c1cc(ccc1CN2CCC(CC2)n3c4cc(c(cc4[nH]c3=O)Cl)Cl)Br,455.183,5.236000000000003,3,1,4,41.03
381,Mitragynine,CC[C@@H]1CN2CCc3c4c(cccc4OC)[nH]c3[C@@H]2C[C@@H]1C(=COC)C(=O)OC,398.5030000000002,3.8251000000000026,5,1,4,63.78999999999999
382,7-hydroxymitragynine,CC[C@@H]1CN2CC[C@@]3(c4c(cccc4OC)N=C3[C@@H]2C[C@@H]1C(=COC)C(=O)OC)O,414.50200000000024,2.7926000000000015,7,1,4,80.59
383,PZM21,C[C@@H](Cc1ccsc1)NC(=O)NC[C@H](Cc2ccc(cc2)O)N(C)C,361.511,2.8568000000000016,4,3,2,64.6
384,1-[(R)-2-(Dimethylamino)-3-phenylpropyl]-3-[(RS)-1-(thiophen-3-yl)propan-2-yl]urea,CC(Cc1ccsc1)NC(=O)NC[C@@H](Cc2ccccc2)N(C)C,345.512,3.151200000000002,3,2,2,44.370000000000005
385,F-81,Cc1cc(cc(c1CC(C(=O)NC2CCCCNC(=O)CC(NC(=O)C(CC(=O)C(NC2=O)Cc3ccc(cc3)C(F)(F)F)Cc4ccccc4)C(=O)N)N)C)O,794.8720000000002,2.588340000000002,8,7,4,222.81
386,Alfentanil,CCC(=O)N(c1ccccc1)C2(CCN(CC2)CCn3c(=O)n(nn3)CC)COC,416.5260000000002,1.3839000000000006,8,0,3,85.49000000000001
387,Endomorphin-1,c1ccc(cc1)C[C@@H](C(=O)N)NC(=O)[C@H](Cc2c[nH]c3c2cccc3)NC(=O)[C@@H]4CCCN4C(=O)[C@H](Cc5ccc(cc5)O)N,610.7150000000003,1.6746000000000016,6,6,5,183.64
388,Endomorphin-2,c1ccc(cc1)C[C@@H](C(=O)N)NC(=O)[C@H](Cc2ccccc2)NC(=O)[C@@H]3CCCN3C(=O)[C@H](Cc4ccc(cc4)O)N,571.6780000000002,1.1933000000000016,6,5,4,167.85
389,KGFF03,Cc1cc(cc(c1CC(C(=O)NC(CCCNC(=N)N)C(=O)NC2Cc3ccccc3CN(C2=O)CCC(=O)NC(CCCNC(=N)N)C(=O)NC(Cc4ccccc4)C(=O)N)N)C)O,898.0829999999997,-0.9524200000000014,10,13,4,349.84999999999997
390,KGFF09,Cc1cc(cc(c1CC(C(=O)NC(CCCNC(=N)N)C(=O)NC2Cc3ccccc3CN(C2=O)CCC(=O)NC(CCCON)C(=O)NC(Cc4ccccc4)C(=O)N)N)C)O,872.0409999999998,-0.5451899999999976,11,11,4,323.2
391,Fentanyl,CCC(=O)N(c1ccccc1)C2CCN(CC2)CCc3ccccc3,336.479,4.136700000000004,2,0,3,23.550000000000004
392,SR-11501,c1cc(c(cc1Cl)F)CN2CCC(CC2)n3c4cc(c(cc4[nH]c3=O)Cl)Cl,428.722,5.266000000000004,3,1,4,41.03
393,Sufentanil,CCC(=O)N(c1ccccc1)C2(CCN(CC2)CCc3cccs3)COC,386.5610000000001,4.214800000000004,4,0,3,32.78
394,SR-15098,CC(c1ccc(cc1F)Cl)N2CCC(CC2)n3c4cc(c(cc4[nH]c3=O)Cl)Cl,442.749,5.8270000000000035,3,1,4,41.03
395,SR-15099,c1cc(ccc1CN2CCC(CC2)n3c4cc(c(cc4[nH]c3=O)Cl)Cl)Cl,410.73199999999997,5.126900000000003,3,1,4,41.03
396,SR-17018,c1ccc(cc1)CN2CCC(CC2)n3c4cc(c(cc4[nH]c3=O)Cl)Cl,376.28700000000003,4.473500000000004,3,1,4,41.03
397,SR-14969,CC(c1ccc(cc1)Br)N2CCC(CC2)n3c4cc(c(cc4[nH]c3=O)Cl)Cl,469.21000000000015,5.797000000000004,3,1,4,41.03
398,SR-14968,C12NC(=O)N(C3CCN(C(C)C4=CC=C(Br)C=C4)CC3)C1=CC(Cl)=C(Cl)C=2,469.21000000000026,5.797000000000004,3,1,4,41.03
399,alpha-neoendorphin,CC(C)C[C@@H](C(=O)N[C@@H](CCCN=C(N)N)C(=O)N[C@@H](CCCCN)C(=O)N[C@@H](Cc1ccc(cc1)O)C(=O)N2CCC[C@H]2C(=O)N[C@@H](CCCCN)C(=O)O)NC(=O)[C@H](Cc3ccccc3)NC(=O)CNC(=O)CNC(=O)[C@H](Cc4ccc(cc4)O)N,1228.4639999999997,-1.972500000000022,16,16,4,473.32999999999987
400,Dynorphin B,CC(C)C[C@@H](C(=O)N[C@@H](CCCN=C(N)N)C(=O)N[C@@H](CCCN=C(N)N)C(=O)N[C@@H](CCC(=O)N)C(=O)N[C@@H](Cc1ccccc1)C(=O)N[C@@H](CCCCN)C(=O)N[C@@H](C(C)C)C(=O)N[C@@H](C(C)C)C(=O)N[C@@H]([C@@H](C)O)C(=O)O)NC(=O)[C@H](Cc2ccccc2)NC(=O)CNC(=O)CNC(=O)[C@H](Cc3ccc(cc3)O),1554.8410000000003,-3.9700100000000007,19,21,3,624.8699999999999
402,Loperamide,CN(C)C(=O)C(CCN1CCC(CC1)(c2ccc(cc2)Cl)O)(c3ccccc3)c4ccccc4,477.04800000000006,5.088000000000005,3,1,4,43.78
403,Morphine,CN1CC[C@]23c4c5ccc(c4O[C@H]2[C@H](C=C[C@H]3[C@H]1C5)O)O,285.34299999999996,1.1980999999999997,4,2,5,52.93000000000001
404,NAP,c1cc(c2c3c1C[C@@H]4[C@]5([C@]3(CCCN4CC6CC6)[C@@H](O2)[C@@H](CC5)NC(=O)c7ccncc7)O)O,461.5620000000001,2.540000000000001,6,3,7,94.92
405,1-((S)-2-(Dimethylamino)-3-(naphthalen-1-yl)propyl)-3-((S)-1-(thiophen-3-yl)propan-2-yl)urea,C[C@@H](Cc1ccsc1)NC(=O)NC[C@H](Cc2cccc3c2cccc3)N(C)C,395.57200000000006,4.304400000000004,3,2,3,44.370000000000005
406,MFP,CN(C)[C@@H]1Cc2ccccc2[C@H](C1)c3cccc(c3)C(F)(F)F,319.36999999999995,4.713700000000004,1,0,3,3.24
407,Lorcaserin,C[C@H]1CNCCc2c1cc(cc2)Cl,195.693,2.589200000000001,1,1,2,12.03
408,TRV027,C[C@H](C(O)=O)NC([C@H]1N(C([C@H](CC2=CNC=N2)NC([C@H]([C@@H](C)CC)NC([C@H](CC3=CC=C(O)C=C3)NC([C@H](C(C)C)NC([C@H](CCCNC(N)=N)NC(CNC)=O)=O)=O)=O)=O)=O)CCC1)=O,926.0899999999997,-1.9104299999999974,12,13,3,355.04999999999995
409,C5a pep,O=C(N1[C@H](CCC1)C(N[C@@H](CC2CCCCC2)C3=O)=O)[C@H](NC(CCC4=CC=CC=C4)=O)CCCNC([C@@H](CCC/N=C(N)/N)NC([C@@H](CC5=CNC6=CC=CC=C65)N3)=O)=O,839.0549999999997,2.207400000000008,7,8,6,246.0
410,"(R)-N-(4-(methyl(2-oxo-1,2,5,6-tetrahydro-4H-imidazo[4,5,1-ij]quinolin-5-yl)amino)butyl)-1H-indole-2-carboxamide",CN(CCCCNC(=O)c1cc2ccccc2[nH]1)[C@@H]3Cc4cccc5c4n(c(=O)[nH]5)C3,417.51300000000026,2.877600000000001,4,3,5,85.91999999999999
411,"(R)-N-(4-(Methyl(2-oxo-1,2,5,6-tetrahydro-4H-imidazo[4,5,1-ij]quinolin-5-yl)amino)butyl)benzo[d]thiazole-5-carboxamide",CN(CCCCNC(=O)c1ccc2c(c1)ncs2)[C@@H]3Cc4cccc5c4n(c(=O)[nH]5)C3,435.5530000000002,3.006000000000001,6,2,5,83.02000000000001
412,"2-Methyl-N-(4-(methyl((R)-2-oxo-1,2,5,6-tetrahydro-4H-imidazo[4,5,1-ij]quinolin-5-yl)amino)butyl)indoline-1-carboxamide",CC1Cc2ccccc2N1C(=O)NCCCCN(C)[C@@H]3Cc4cccc5c4n(c(=O)[nH]5)C3,433.55600000000015,3.1271000000000013,4,2,5,73.37
413,"(S)-2-Methyl-N-(4-(methyl((R)-2-oxo-1,2,5,6-tetrahydro-4H-imidazo[4,5,1-ij]quinoline-5-yl)amino)butyl)indoline-1-carboxamide",C[C@H]1Cc2ccccc2N1C(=O)NCCCCN(C)[C@@H]3Cc4cccc5c4n(c(=O)[nH]5)C3,433.55600000000015,3.1271000000000013,4,2,5,73.37
414,"(R)-2-Methyl-N-(4-(methyl((R)-2-oxo-1,2,5,6-tetrahydro-4H-imidazo[4,5,1-ij]quinoline-5-yl)amino)butyl)indoline-1-carboxamide",C[C@@H]1Cc2ccccc2N1C(=O)NCCCCN(C)[C@@H]3Cc4cccc5c4n(c(=O)[nH]5)C3,433.55600000000015,3.1271000000000013,4,2,5,73.37
415,"Trans-N-(2-(2-((methyl((R)-2-oxo-1,2,5,6-tetrahydro-4H-imidazo[4,5,1-ij]quinolin-5-yl)amino)methyl)cyclopropyl)ethyl)-1H-indole-2-carboxamide",CN(C[C@@H]1C[C@H]1CCNC(=O)c2cc3ccccc3[nH]2)[C@@H]4Cc5cccc6c5n(c(=O)[nH]6)C4,443.5510000000002,3.1236000000000015,4,3,6,85.91999999999999
416,"Trans-N-((2-(2-(methyl((R)-2-oxo-1,2,5,6-tetrahydro-4H-imidazo[4,5,1-ij]quinolin-5-yl)amino)ethyl)cyclopropyl)methyl)-1H-indole-2-carboxamide",CN(CC[C@@H]1C[C@H]1CNC(=O)c2cc3ccccc3[nH]2)[C@@H]4Cc5cccc6c5n(c(=O)[nH]6)C4,443.5510000000002,3.1236000000000015,4,3,6,85.91999999999999
417,Icatibant,c1ccc2c(c1)C[C@@H](N(C2)C(=O)[C@H](CO)NC(=O)[C@H](Cc3cccs3)NC(=O)CNC(=O)[C@@H]4C[C@H](CN4C(=O)[C@@H]5CCCN5C(=O)[C@H](CCCN=C(N)N)NC(=O)[C@@H](CCCN=C(N)N)N)O)C(=O)N6[C@H]7CCCC[C@H]7C[C@H]6C(=O)N[C@@H](CCCN=C(N)N)C(=O)O,1304.5479999999998,-5.0230000000000175,17,15,7,523.7199999999999
418,8-Hydroxy-5-[2-hydroxy-1-(isopropylamino)ethyl]quinolin-2(1H)-one hydrochloride,CC(C)NC(CO)c1ccc(c2c1ccc(=O)[nH]2)O,262.30899999999997,1.2650999999999997,4,4,2,85.35000000000001
419,8-Hydroxy-5-[2-hydroxy-1-(tert-butylamino)ethyl]quinolin-2(1H)-one hydrochloride,CC(C)(C)NC(CO)c1ccc(c2c1ccc(=O)[nH]2)O,276.33599999999996,1.6551999999999996,4,4,2,85.35000000000001
420,8-Hydroxy-5-[2-hydroxy-1-(N-hexylamino)ethyl]quinolin-2(1H)-one hydrochloride,CCCCCCNC(CO)c1ccc(c2c1ccc(=O)[nH]2)O,304.39000000000004,2.437,4,4,2,85.35000000000001
421,(3-Chloro-4-fluorophenyl)(4-fluoro-4-(((2-(phenylamino)ethyl)-amino)methyl)piperidin-1-yl)methanone,c1ccc(cc1)NCCNCC2(CCN(CC2)C(=O)c3ccc(c(c3)Cl)F)F,407.89200000000005,4.125100000000002,3,2,3,44.37
422,(3-Chloro-4-fluorophenyl)(4-fluoro-4-(((2-(phenylthio)ethyl)-amino)methyl)piperidin-1-yl)methanone,c1ccc(cc1)SCCNCC2(CCN(CC2)C(=O)c3ccc(c(c3)Cl)F)F,424.9440000000001,4.805300000000004,3,1,3,32.34
423,(3-Chloro-4-fluorophenyl)(4-fluoro-4-(((2-phenoxyethyl)amino)-methyl)piperidin-1-yl)methanone,c1ccc(cc1)OCCNCC2(CCN(CC2)C(=O)c3ccc(c(c3)Cl)F)F,408.876,4.092000000000003,3,1,3,41.57
424,(3-Chloro-4-fluorophenyl)(4-fluoro-4-(((2-(pyridin-2-yloxy)ethyl)-amino)methyl)piperidin-1-yl)methanone,c1ccnc(c1)OCCNCC2(CCN(CC2)C(=O)c3ccc(c(c3)Cl)F)F,409.86400000000003,3.4870000000000028,4,1,3,54.46
425,"(3,4-Dichlorophenyl)(4-fluoro-4-(((2-(pyridin-2-yloxy)ethyl)-amino)methyl)piperidin-1yl)methanone",c1ccnc(c1)OCCNCC2(CCN(CC2)C(=O)c3ccc(c(c3)Cl)Cl)F,426.319,4.001300000000003,4,1,3,54.46
426,(3-Chloro-4-fluorophenyl)(4-fluoro-4-(((2-((5-methylpyrimidin-2-yl)oxy)ethyl)amino)methyl)piperidin-1-yl)methanone,Cc1cnc(nc1)OCCNCC2(CCN(CC2)C(=O)c3ccc(c(c3)Cl)F)F,424.879,3.1904200000000014,5,1,3,67.35000000000001
427,F-15599,Cc1cnc(nc1)CNCC2(CCN(CC2)C(=O)c3ccc(c(c3)Cl)F)F,394.85299999999995,3.3116200000000022,4,1,3,58.120000000000005
428,"(S)-5-{4-[(5-Hydroxy-1,2,3,4-tetrahydronaphthalen-2-yl)-(propyl)-amino]butoxy}pyrazolo[1,5-a]pyridine-3-carbaldehydeoxime",CCCN([C@@H]1CC(C=CC=C2O)=C2CC1)CCCCOC3=CC4=C(/C([H])=N/O)C=NN4C=C3,436.5560000000001,4.276500000000003,7,2,4,82.59
429,MS1768,CN(C)C(=O)N[C@H]1CC[C@@H](CC1)CCN2CCc3cccc(c3C2)Cl,363.933,3.9182000000000023,2,1,3,35.580000000000005
431,"3-(trans-4-(2-(3,4-Dihydroisoquinolin-2(1H)-yl)ethyl)-cyclohexyl)-1,1-diethylurea",CCN(CC)C(=O)N[C@H]1CC[C@@H](CC1)CCN2CCc3ccccc3C2,357.54200000000003,4.0450000000000035,2,1,3,35.580000000000005
432,N-(4-ethylphenyl)-2-(5-(2-methoxybenzyl)-3-methyl-6-oxopyridazin-1(6H)-yl)acetamide,CCc1ccc(cc1)NC(=O)Cn2c(=O)c(cc(n2)C)Cc3ccccc3OC,391.4710000000001,3.3522200000000018,5,1,3,73.22
433,N-(4-chlorophenyl)-2-(5-(2-methoxybenzyl)-3-methyl-6-oxopyridazin-1(6H)-yl)hexanamide,CCCCC(C(=O)Nc1ccc(cc1)Cl)n2c(=O)c(cc(n2)C)Cc3ccccc3OC,453.97000000000025,5.174520000000004,5,1,3,73.22
434,"7-(4-(4-(3,4-bis(trimethyl-oxidaneyl)phenyl)piperazin-1-yl)butoxy)-3,4-dihydroquinolin-2(1H)-one",CCOc1cccc(c1)N1CCN(CCCCOc2ccc3CCC(=O)Nc3c2)CC1,423.5570000000002,3.9512000000000027,5,1,4,54.040000000000006
435,"7-(4-(4-(2-Isopropoxyphenyl)piperazin-1-yl)butoxy)-3,4-dihydroquinolin-2(1H)-one",CC(C)Oc1ccccc1N2CCN(CC2)CCCCOc3ccc4c(c3)NC(=O)CC4,437.58400000000023,4.339700000000003,5,1,4,54.04
436,"7-(4-(4-(2-(Trifluoromethyl)phenyl)piperazin-1-yl)butoxy)-3,4-dihydroquinolin-2(1H)-one",c1ccc(c(c1)C(F)(F)F)N2CCN(CC2)CCCCOc3ccc4c(c3)NC(=O)CC4,447.50100000000026,4.5713000000000035,4,1,4,44.81
437,"7-(4-(4-(3-Ethoxyphenyl)piperazin-1-yl)butoxy)-3,4-dihydroquinolin-2(1H)-one",CCOc1cccc(c1)N2CCN(CC2)CCCCOc3ccc4c(c3)NC(=O)CC4,423.55700000000013,3.9512000000000027,5,1,4,54.04
438,7-(4-Bromobutoxy)-2(1H)-quinolinone,c1cc(cc2c1ccc(=O)[nH]2)OCCCCBr,296.16399999999993,3.0820000000000016,2,1,2,42.09
439,"7-[4-[4-(3-Chloro-2-methylphenyl)-1-piperazinyl]butoxy]-3,4-dihydro-2(1H)-quinolinone",Cc1c(cccc1Cl)N2CCN(CC2)CCCCOc3ccc4c(c3)NC(=O)CC4,427.97600000000017,4.514320000000003,4,1,4,44.81
440,"7-(4-(4-(2,3-Dichlorophenyl)piperidin-1-yl)butoxy)-3,4-dihydroquinolin-2(1H)-one",c1cc(c(c(c1)Cl)Cl)C2CCN(CC2)CCCCOc3ccc4c(c3)NC(=O)CC4,447.40600000000023,5.916700000000006,3,1,4,41.57
441,"7-(5-(4-(2,3-dichlorophenyl)piperidin-1-yl)pentyl)-3,4-dihydroquinolin-2(1H)-one",c1cc(c(c(c1)Cl)Cl)C2CCN(CC2)CCCCCc3ccc4c(c3)NC(=O)CC4,445.43400000000025,6.470500000000007,2,1,4,32.34
442,"trans-7-((4-((4-(2,3-Dichlorophenyl)piperazin-1-yl)methyl)-cyclohexyl)methoxy)-3,4-dihydroquinolin-2(1H)-one",c1cc(c(c(c1)Cl)Cl)N2CCN(CC2)C[C@H]3CC[C@@H](CC3)COc4ccc5c(c4)NC(=O)CC5,502.4860000000004,5.885500000000006,4,1,5,44.81
443,"7-(4-(4-(2,3-Dichlorophenyl)piperazin-1-yl)but-2-ynyloxy)-3,4-dihydroquinolin-2(1H)-one",c1cc(c(c(c1)Cl)Cl)N2CCN(CC2)CC#CCOc3ccc4c(c3)NC(=O)CC4,444.36200000000025,4.082500000000003,4,1,4,44.81
444,"7-(3-((4-(2,3-Dichlorophenyl)piperazin-1-yl)methyl)-phenoxy)-3,4-dihydroquinolin-2(1H)-one",c1cc(cc(c1)Oc2ccc3c(c2)NC(=O)CC3)CN4CCN(CC4)c5cccc(c5Cl)Cl,482.4110000000002,5.992600000000005,4,1,5,44.81
445,"7-(4-((4-(2,3-Dichlorophenyl)piperazin-1-yl)methyl)- phenoxy)-3,4-dihydroquinolin-2(1H)-one",c1cc(c(c(c1)Cl)Cl)N2CCN(CC2)Cc3ccc(cc3)Oc4ccc5c(c4)NC(=O)CC5,482.41100000000023,5.992600000000005,4,1,5,44.81
446,"6-(4-(4-(2,3-dichlorophenyl)piperazin-1-yl)butoxy)-3,4-dihydroquinolin-2(1H)-one",c1cc(c(c(c1)Cl)Cl)N2CCN(CC2)CCCCOc3ccc4c(c3)CCC(=O)N4,448.3940000000003,4.859300000000005,4,1,4,44.81
447,"6-(4-(4-(2,3-dichlorophenyl)piperazin-1-yl)butoxy)-3,4-dihydro-1,8-naphthyridin-2(1H)-one",c1cc(c(c(c1)Cl)Cl)N2CCN(CC2)CCCCOc3cc4c(nc3)NC(=O)CC4,449.3820000000003,4.254300000000003,5,1,4,57.7
448,"7-(4-(4-(2,3-Dichlorophenyl)piperazin-1-yl)butoxy)-3,4-dihydroisoquinolin-1(2H)-one",c1cc(c(c(c1)Cl)Cl)N2CCN(CC2)CCCCOc3ccc4c(c3)C(=O)NCC4,448.3940000000003,4.260500000000003,4,1,4,44.81
449,"6-(4-(4-(2,3-Dichlorophenyl)piperazin-1-yl)butoxy)-1H-indazole",c1cc(c(c(c1)Cl)Cl)N2CCN(CC2)CCCCOc3ccc4cn[nH]c4c3,419.35600000000017,4.850900000000005,4,1,4,44.39
450,"5-(4-(4-(2,3-Dichlorophenyl)piperazin-1-yl)butoxy)-1Hbenzo[d]imidazol-2(3H)-one",c1cc(c(c(c1)Cl)Cl)N2CCN(CC2)CCCCOc3ccc4c(c3)[nH]c(=O)[nH]4,435.3550000000002,4.144200000000002,4,2,4,64.36
451,"6-(4-(4-(2,3-Dichlorophenyl)piperazin-1-yl)butoxy)benzo[d]- thiazole",c1cc(c(c(c1)Cl)Cl)N2CCN(CC2)CCCCOc3ccc4c(c3)scn4,436.4080000000002,5.584300000000005,5,0,4,28.6
452,"2-{(2R,4aR,5R,6R,7aS)-6-hydroxy-5-[(1E)-4-phenoxy-1-buten-1-yl]octahydrocyclopenta[b]pyran-2-yl}-1,3-thiazole-4-carboxylic acid",c1ccc(cc1)OCC/C=C/[C@@H]2[C@H]3CC[C@@H](O[C@H]3C[C@H]2O)c4nc(cs4)C(=O)O,415.51100000000014,4.083700000000003,6,2,4,88.88000000000001
453,"2-{(2R,4aR,5R,6R,7aS)-6-hydroxy-5-[(1E)-5-phenoxy-1-penten-1-yl]octahydrocyclopenta[b]pyran-2-yl}-1,3-thiazole-4-carboxylic acid",c1ccc(cc1)OCCC/C=C/C2=C(C=C3[C@@H]2CC=C(O3)c4nc(cs4)C(=O)O)O,423.4900000000001,5.343700000000005,6,2,4,88.88000000000001
454,"2-[(2R,4aR,5R,6R,7aS)-6-hydroxy-5-(5-phenoxypentyl)octahydrocyclopenta[b]pyran-2-yl]-1,3-thiazole-4-carboxylic acid",c1ccc(cc1)OCCCCC[C@@H]2[C@H]3CC[C@@H](O[C@H]3C[C@H]2O)c4nc(cs4)C(=O)O,431.5540000000001,4.697800000000004,6,2,4,88.88000000000001
455,"2-{(2R,4aR,5R,6R,7aS)-6-hydroxy-5-[(1E)-3-phenoxy-1-propen-1-yl]octahydrocyclopenta[b]pyran-2-yl}-1,3-thiazole-4-carboxylic acid",c1ccc(cc1)OC/C=C/[C@@H]2[C@H]3CC[C@@H](O[C@H]3C[C@H]2O)c4nc(cs4)C(=O)O,401.4840000000001,3.6936000000000018,6,2,4,88.88000000000001
456,"2-[(2R,4aR,5R,6R,7aS)-6-hydroxy-5-(3-phenoxypropyl)octahydrocyclopenta[b]pyran-2-yl]-1,3-thiazole-4-carboxylic acid",c1ccc(cc1)OCCC[C@@H]2[C@H]3CC[C@@H](O[C@H]3C[C@H]2O)c4nc(cs4)C(=O)O,403.50000000000006,3.917600000000002,6,2,4,88.88000000000001
457,"2-[(2R,4aR,5R,6R,7aS)-6-hydroxy-5-(2-phenoxyethyl)octahydrocyclopenta[b]pyran-2-yl]-1,3-thiazole-4-carboxylic acid",c1ccc(cc1)OCC[C@@H]2[C@H]3CC[C@@H](O[C@H]3C[C@H]2O)c4nc(cs4)C(=O)O,389.47300000000007,3.5275000000000016,6,2,4,88.88000000000001
458,"2-[(2R,4aR,5R,6R,7aS)-6-hydroxy-5-(phenoxymethyl)octahydrocyclopenta[b]pyran-2-yl]-1,3-thiazole-4-carboxylic acid",c1ccc(cc1)OC[C@H]2[C@H]3CC[C@@H](O[C@H]3C[C@H]2O)c4nc(cs4)C(=O)O,375.4460000000001,3.1374000000000013,6,2,4,88.88000000000001
459,"2-{(2R,4aR,5R,6R,7aS)-5-[(2-fluorophenoxy)methyl]-6-hydroxyoctahydrocyclopenta[b]pyran-2-yl}-1,3-thiazole-4-carboxylic acid",c1ccc(c(c1)OC[C@H]2[C@H]3CC[C@@H](O[C@H]3C[C@H]2O)c4nc(cs4)C(=O)O)F,393.43600000000004,3.2765000000000013,6,2,4,88.88000000000001
460,"2-{(2R,4aR,5R,6R,7aS)-6-hydroxy-5-[(3-methylphenoxy)methyl]octahydrocyclopenta[b]pyran-2-yl}-1,3-thiazole-4-carboxylic acid",Cc1cccc(c1)OC[C@H]2[C@H]3CC[C@@H](O[C@H]3C[C@H]2O)c4nc(cs4)C(=O)O,389.47300000000007,3.445820000000001,6,2,4,88.88000000000001
461,"2-{(2R,4aR,5R,6R,7aS)-5-[(3-chlorophenoxy)methyl]-6-hydroxyoctahydrocyclopenta[b]pyran-2-yl}-1,3-thiazole-4-carboxylic acid",c1cc(cc(c1)Cl)OC[C@H]2[C@H]3CC[C@@H](O[C@H]3C[C@H]2O)c4nc(cs4)C(=O)O,409.8910000000001,3.7908000000000026,6,2,4,88.88000000000001
462,"2-{(2R,4aR,5R,6R,7aS)-5-[(3-fluorophenoxy)methyl]-6-hydroxyoctahydrocyclopenta[b]pyran-2-yl}-1,3-thiazole-4-carboxylic acid",c1cc(cc(c1)F)OC[C@H]2[C@H]3CC[C@@H](O[C@H]3C[C@H]2O)c4nc(cs4)C(=O)O,393.4360000000001,3.2765000000000013,6,2,4,88.88000000000001
463,"2-{(2R,4aR,5R,6R,7aS)-6-hydroxy-5-[(4-methylphenoxy)methyl]octahydrocyclopenta[b]pyran-2-yl}-1,3-thiazole-4-carboxylic acid",Cc1ccc(cc1)OC[C@H]2[C@H]3CC[C@@H](O[C@H]3C[C@H]2O)c4nc(cs4)C(=O)O,389.47300000000007,3.445820000000001,6,2,4,88.88000000000001
464,"2-{(2R,4aR,5R,6R,7aS)-5-[(4-chlorophenoxy)methyl]-6-hydroxyoctahydrocyclopenta[b]pyran-2-yl}-1,3-thiazole-4-carboxylic acid",c1cc(ccc1OC[C@H]2[C@H]3CC[C@@H](O[C@H]3C[C@H]2O)c4nc(cs4)C(=O)O)Cl,409.8910000000001,3.7908000000000026,6,2,4,88.88000000000001
465,"2-[(2R,4aR,5R,6R,7aS)-6-hydroxy-5-{[4-(trifluoromethyl)phenoxy]methyl}octahydrocyclopenta[b]pyran-2-yl]-1,3-thiazole-4-carboxylic acid",c1cc(ccc1C(F)(F)F)OC[C@H]2[C@H]3CC[C@@H](O[C@H]3C[C@H]2O)c4nc(cs4)C(=O)O,443.44300000000015,4.156200000000003,6,2,4,88.88000000000001
466,"2-{(2R,4aR,5R,6R,7aS)-5-[(4-fluorophenoxy)methyl]-6-hydroxyoctahydrocyclopenta[b]pyran-2-yl}-1,3-thiazole-4-carboxylic acid",c1cc(ccc1OC[C@H]2[C@H]3CC[C@@H](O[C@H]3C[C@H]2O)c4nc(cs4)C(=O)O)F,393.43600000000004,3.2765000000000013,6,2,4,88.88000000000001
467,"4-(3-Methyl-4-(2-methylimidazo[1,2-a]pyrazin-3-yl)phenoxy)-furo[3,2-c]pyridine",Cc1cc(ccc1c2c(nc3n2ccnc3)C)Oc4c5ccoc5ccn4,356.38500000000005,4.946640000000003,6,0,5,65.45
468,"4-(4-(Imidazo[1,2-a]pyridin-5-yl)-3-methylphenoxy)furo[3,2-c]-pyridine",Cc1cc(ccc1c2cccc3n2ccn3)Oc4c5ccoc5ccn4,341.37000000000006,5.2432200000000035,5,0,5,52.56
469,"6-(4-(Furo[3,2-c]pyridin-4-yloxy)-2-methylphenyl)-5-methylpyrazin-2-amine",Cc1cc(ccc1c2c(ncc(n2)N)C)Oc3c4ccoc4ccn3,332.363,4.2761400000000025,6,1,4,87.06
470,"4-(4-(4-Ethoxy-6-methylpyrimidin-5-yl)-3-methylphenoxy)furo-[3,2-c]pyridine",CCOc1c(c(ncn1)C)c2ccc(cc2C)Oc3c4ccoc4ccn3,361.40100000000007,5.092640000000004,6,0,4,70.27000000000001
471,"4-(4-(3,5-Dimethylpyridazin-4-yl)-3-methylphenoxy)furo[3,2-c]-pyridine",Cc1cc(ccc1c2c(cnnc2C)C)Oc3c4ccoc4ccn3,331.375,5.002360000000004,5,0,4,61.040000000000006
472,"5-(4-(Furo[3,2-c]pyridin-4-yloxy)-2-methylphenyl)-6-methylpyridin-3-amine",Cc1cc(ccc1c2cc(cnc2C)N)Oc3c4ccoc4ccn3,331.375,4.881140000000003,5,1,4,74.17
473,"4-(4-(6-Methoxy-2-methylpyridin-3-yl)-3-methylphenoxy)furo-[3,2-c]pyridine",Cc1cc(ccc1c2ccc(nc2C)OC)Oc3c4ccoc4ccn3,346.386,5.307540000000004,5,0,4,57.38
474,"4-(2,3-Dimethyl-4-(6-methylimidazo[1,2-a]pyrazin-5-yl)-phenoxy)furo[3,2-c]pyridine",Cc1c(c(ccc1c2c(ncc3n2ccn3)C)Oc4c5ccoc5ccn4)C,370.4120000000001,5.255060000000004,6,0,5,65.45
475,"N-(3-Methyl-4-(6-methylimidazo[1,2-a]pyrazin-5-yl)phenyl)furo-[3,2-c]pyridin-4-amine",Cc1cc(ccc1c2c(ncc3n2ccn3)C)Nc4c5ccoc5ccn4,355.40100000000007,4.897940000000003,6,1,5,68.25
476,"N-Methyl-N-(3-methyl-4-(6-methylimidazo[1,2-a]pyrazin-5-yl)-phenyl)furo[3,2-c]pyridin-4-amine",Cc1cc(ccc1c2c(ncc3n2ccn3)C)N(C)c4c5ccoc5ccn4,369.4280000000001,4.922240000000003,6,0,5,59.46
477,"N-Ethyl-N-(3-methyl-4-(6-methylimidazo[1,2-a]pyrazin-5-yl)-phenyl)furo[3,2-c]pyridin-4-amine",CCN(c1ccc(c(c1)C)c2c(ncc3n2ccn3)C)c4c5ccoc5ccn4,383.4550000000001,5.312340000000004,6,0,5,59.46000000000001
478,"(R)-4-(1-hydroxy-2-((2-(2-methoxyphenoxy)ethyl)amino)ethyl)benzene-1,2-diol",COc1ccccc1OCCNC[C@@H](c2ccc(c(c2)O)O)O,319.35699999999997,1.8084000000000002,6,4,2,91.18
479,"(R)-4-(1-hydroxy-2-((3-methoxy-4-(3-phenylpropoxy)phenethyl)amino)ethyl)benzene-1,2-diol",COc1cc(ccc1OCCCc2ccccc2)CCNC[C@@H](c3ccc(c(c3)O)O)O,437.5360000000001,3.9837000000000056,6,4,3,91.18
480,"(S)-4-[2-Hydroxy-3-(isopropylamino)propoxy]benzene-1,2-diol",CC(C)NC[C@@H](COc1ccc(c(c1)O)O)O,241.287,0.8354999999999995,5,4,1,81.95
481,"(R)-4-(2-Hydroxy-3-((2-(2-methoxyphenoxy)ethyl)amino)-propoxy)benzene-1,2-diol(S)",COc1ccccc1OCCNC[C@@H](COc2ccc(c(c2)O)O)O,349.383,1.5147,7,4,2,100.41000000000001
482,"(S)-4-(2-Hydroxy-3-((3-methoxy-4-(3-phenylpropoxy)-phenethyl)amino)propoxy)benzene-1,2-diol",COc1cc(ccc1OCCCc2ccccc2)CCNC[C@@H](COc3ccc(c(c3)O)O)O,467.5620000000002,3.690000000000003,7,4,3,100.41000000000001
483,"3-(4-Fluorophenyl)-1,4,5,6,7,8-hexahydropyrazolo[3,4-d]azepine",c1cc(ccc1c2c3c([nH]n2)CCNCC3)F,231.27399999999992,1.904,2,2,3,40.71
484,"3-(4-Chlorophenyl)-1,4,5,6,7,8-hexahydropyrazolo[3,4-d]azepine",c1cc(ccc1c2c3c([nH]n2)CCNCC3)Cl,247.72899999999993,2.4183000000000003,2,2,3,40.71
485,"3-(p-Tolyl)-1,4,5,6,7,8-hexahydropyrazolo[3,4-d]azepine",Cc1ccc(cc1)c2c3c([nH]n2)CCNCC3,227.31099999999995,2.07332,2,2,3,40.71
486,"3-(4-Fluorophenyl)-5,6,7,8-tetrahydro-4H-isoxazolo[4,5-d]-azepine",c1cc(ccc1c2c3c(on2)CCNCC3)F,232.25799999999992,2.1689,3,1,3,38.06
487,"3-(4-Chlorophenyl)-5,6,7,8-tetrahydro-4H-isoxazolo[4,5-d]-azepine",c1cc(ccc1c2c3c(on2)CCNCC3)Cl,248.71299999999994,2.683200000000001,3,1,3,38.06
488,"3-(p-Tolyl)-5,6,7,8-tetrahydro-4H-isoxazolo[4,5-d]azepine",Cc1ccc(cc1)c2c3c(on2)CCNCC3,228.29499999999996,2.3382200000000006,3,1,3,38.06
489,"[D-Arg1,D-Phe5,D-Trp7,9,Leu11]-Substance P",CC(C)C[C@@H](C(=O)N)NC(=O)[C@H](CC(C)C)NC(=O)[C@@H](Cc1c[nH]c2c1cccc2)NC(=O)[C@H](Cc3ccccc3)NC(=O)[C@@H](Cc4c[nH]c5c4cccc5)NC(=O)[C@H](CCC(=O)N)NC(=O)[C@@H](Cc6ccccc6)NC(=O)[C@@H]7CCCN7C(=O)[C@H](CCCCN)NC(=O)[C@@H]8CCCN8C(=O)[C@@H](CCCNC(=N)N)N,1516.8620000000012,1.3427699999999898,15,17,8,505.1199999999998
490,[D-Lys3]-GHRP-6,c1ccc(cc1)C[C@H](C(=O)N[C@@H](CCCCN)C(=O)N)NC(=O)[C@H](Cc2c[nH]c3c2cccc3)NC(=O)[C@@H](CCCCN)NC(=O)[C@@H](Cc4c[nH]c5c4cccc5)NC(=O)[C@H](Cc6c[nH]cn6)N,930.1279999999994,1.1375000000000117,10,12,6,326.90999999999997
